Team,ShortName,W,L,GS,G,SV,HLD,BS,IP,TBF,H,R,ER,HR,SO,BB,IBB,HBP,ERA,WHIP,K/9,BB/9,K/BB,HR/9,K%,BB%,K-BB%,GB%,AVG,BABIP,LOB%,FIP,FPTS,FPTS_IP,SPTS,SPTS_IP,WAR,RA9-WAR,ADP,teamid,League,Name,MLBAMID,playerids,PlayerId
DET,Tigers,14,4,30,30,,,,182,714,141,57,52,15,224,32,,6,2.57726,0.95378,11.1011,1.58338,7.01102,0.767697,0.313739,0.0447495,0.2689898982644081,,0.208901,0.287988,0.77007,2.40088,1129.6999999999998,6.207142857142856,1049,5.763736263736264,6.36419,5.95535,7.019999980926514,6,AL,Tarik Skubal,669373,22267,22267
BOS,Red Sox,14,6,29,29,,,,172,705,145,60,55,16,214,46,,4,2.8787,1.10752,11.1624,2.39883,4.65326,0.859352,0.303478,0.0652183,0.23825933039188385,,0.221437,0.302792,0.78026,2.7629,977.0,5.680232558139535,930,5.406976744186046,5.12587,5.15137,12.239999771118164,3,AL,Garrett Crochet,676979,27463,27463
SFG,Giants,16,8,32,32,,,,197,809,183,74,68,15,189,40,,6,3.10464,1.13198,8.61934,1.84356,4.67538,0.662717,0.233482,0.0499386,0.1835433691740036,,0.239641,0.300792,0.735767,2.87585,1037.5000000000002,5.266497461928935,1030,5.228426395939087,5.01285,4.98864,57.189998626708984,30,NL,Logan Webb,657277,17995,17995
PIT,Pirates,13,6,32,32,,,,175,709,141,61,56,15,199,47,,7,2.88477,1.07568,10.2492,2.41397,4.24578,0.797109,0.2811,0.0662068,0.2148927003145218,,0.215567,0.285457,0.764201,2.92529,979.9,5.599428571428572,916,5.234285714285714,4.75539,5.27792,9.649999618530273,27,NL,Paul Skenes,694973,33677,33677
PHI,Phillies,11,5,29,29,,,,176,725,160,69,63,15,177,41,,6,3.22196,1.13763,9.0038,2.07469,4.33983,0.790359,0.243471,0.0561016,0.18736955150961876,,0.235886,0.297135,0.737672,3.06628,914.9000000000001,5.198295454545455,898,5.1022727272727275,4.44673,4.43708,24.75,26,NL,Cristopher Sánchez,650911,20778,20778
LAD,Dodgers,13,7,28,28,,,,167,670,131,69,64,18,180,42,,5,3.42589,1.03309,9.71574,2.24173,4.33404,0.976313,0.269463,0.0621737,0.20728931948542595,,0.210293,0.26594,0.702817,3.22045,892.7999999999998,5.346107784431137,820,4.910179640718563,4.09575,3.65458,26.639999389648438,22,NL,Yoshinobu Yamamoto,808967,33825,33825
HOU,Astros,12,6,28,29,,,,163,672,133,60,56,14,179,55,,6,3.07286,1.15754,9.89155,3.07062,3.22135,0.795373,0.265957,0.0825607,0.1833963245153427,,0.217351,0.283427,0.760698,3.21548,863.2,5.295705521472393,808,4.957055214723926,3.77624,4.18103,36.189998626708984,21,AL,Hunter Brown,686613,25880,25880
TOR,Blue Jays,11,7,30,30,,,,163,682,135,71,65,18,194,62,,4,3.59968,1.21195,10.7484,3.45136,3.11425,1.0174,0.284983,0.0915095,0.19347361475229263,,0.218975,0.288934,0.737605,3.43803,823.8,5.053987730061349,771,4.730061349693251,3.71626,2.95065,74.7699966430664,14,AL,Dylan Cease,656302,18525,18525
NYY,Yankees,13,8,28,28,,,,170,701,149,71,65,15,154,48,,7,3.44891,1.16375,8.16362,2.55463,3.19561,0.770594,0.219515,0.0686925,0.1508221998810768,,0.230951,0.281938,0.715805,3.40082,829.1,4.877058823529412,798,4.694117647058824,3.65201,3.37577,50.04999923706055,9,AL,Max Fried,608331,13743,13743
CIN,Reds,8,7,30,30,,,,164,693,159,78,72,19,147,47,,4,3.96182,1.25913,8.08349,2.59291,3.11754,1.06425,0.212427,0.0681395,0.14428788423538208,,0.247943,0.294069,0.713848,3.81131,707.5000000000001,4.314024390243903,714,4.353658536585366,3.48737,2.90858,221.92999267578125,18,NL,Andrew Abbott,671096,29911,29911
SEA,Mariners,11,7,27,28,,,,158,633,130,64,59,18,164,32,,8,3.34863,1.0283,9.34972,1.83823,5.08625,1.03555,0.259716,0.0510623,0.20865332707762718,,0.219906,0.273385,0.719402,3.31131,817.8,5.175949367088608,764,4.8354430379746836,3.45647,2.93443,34.77000045776367,11,AL,Bryan Woo,693433,30279,30279
DET,Tigers,12,9,27,27,,,,171,723,157,76,70,15,151,58,,8,3.6795,1.25305,7.9173,3.03836,2.60578,0.763057,0.208394,0.0799735,0.12842024117708206,,0.238491,0.289025,0.712887,3.62637,776.7,4.542105263157895,764,4.4678362573099415,3.07032,3.00426,81.13999938964844,6,AL,Framber Valdez,664285,17295,17295
PHI,Phillies,11,9,28,28,,,,159,667,145,78,72,22,179,48,,4,4.05339,1.21038,10.125,2.72023,3.72212,1.22833,0.26871,0.0721927,0.19651716947555542,,0.235259,0.296942,0.707186,3.63907,731.0,4.59748427672956,711,4.471698113207547,3.06239,2.32898,70.58999633789062,26,NL,Jesús Luzardo,666200,19959,19959
TEX,Rangers,10,9,29,29,,,,155,656,136,75,69,16,176,59,,9,4.0076,1.25928,10.253,3.44498,2.97623,0.957224,0.268906,0.0903513,0.17855460941791534,,0.231091,0.302337,0.698203,3.57024,744.6,4.803870967741935,715,4.612903225806452,3.01441,1.94286,164.82000732421875,13,AL,MacKenzie Gore,669022,22201,22201
TOR,Blue Jays,11,9,28,28,,,,160,671,151,74,68,21,161,45,,2,3.80703,1.22342,9.04885,2.50751,3.6087,1.18438,0.23963,0.0664036,0.17322666198015213,,0.241947,0.29379,0.734841,3.70723,714.1,4.463125,708,4.425,2.99375,2.43242,112.94999694824219,14,AL,Kevin Gausman,592332,14107,14107
MIN,Twins,11,9,28,28,,,,152,623,133,70,65,21,168,36,,9,3.81141,1.11187,9.8937,2.14086,4.62136,1.2575,0.269015,0.0582112,0.21080372855067253,,0.230522,0.287686,0.711101,3.63802,721.7,4.748026315789474,688,4.526315789473684,2.99012,2.44341,78.52999877929688,8,AL,Joe Ryan,657746,21390,21390
SEA,Mariners,9,6,28,29,,,,157,639,133,66,61,21,172,38,,5,3.47867,1.09096,9.82795,2.19507,4.47727,1.19232,0.268631,0.0599987,0.20863193273544312,,0.22346,0.27846,0.740849,3.49655,772.7,4.921656050955415,727,4.630573248407643,2.91911,2.63709,37.150001525878906,11,AL,Logan Gilbert,669302,22250,22250
ATL,Braves,9,5,21,22,,,,124,510,108,49,45,13,147,34,,8,3.25421,1.14946,10.6663,2.47919,4.30233,0.916083,0.287149,0.0667427,0.22040610760450363,,0.231003,0.309311,0.751213,3.11948,644.8999999999999,5.200806451612902,619,4.991935483870968,2.88275,3.00261,39.36000061035156,16,NL,Chris Sale,519242,10603,10603
BOS,Red Sox,10,8,27,27,,,,150,636,147,70,65,19,156,41,,5,3.87904,1.25554,9.3145,2.47754,3.75957,1.14389,0.244715,0.0650912,0.1796240732073784,,0.249959,0.309157,0.730378,3.64002,668.0999999999999,4.454,677,4.513333333333334,2.836,2.55846,138.08999633789062,3,AL,Sonny Gray,543243,12768,12768
SEA,Mariners,10,8,27,27,,,,144,592,135,65,59,17,143,28,,6,3.70558,1.13126,8.91977,1.75898,5.07099,1.05865,0.241596,0.0476428,0.19395309686660767,,0.242303,0.297149,0.707364,3.40236,689.5000000000002,4.788194444444446,683,4.743055555555555,2.78596,1.92355,64.58000183105469,11,AL,George Kirby,669923,25436,25436
MIA,Marlins,9,10,26,26,,,,159,665,149,78,72,16,131,44,,6,4.08422,1.2121,7.42996,2.48993,2.984,0.931234,0.197587,0.0662156,0.13137180358171463,,0.242031,0.283374,0.673547,3.76869,704.4000000000002,4.430188679245284,699,4.39622641509434,2.59643,2.30796,144.57000732421875,20,NL,Sandy Alcantara,645261,18684,18684
NYM,Mets,12,10,31,31,,,,159,666,134,76,70,22,174,59,,7,3.97407,1.21548,9.87594,3.34516,2.95231,1.23138,0.261836,0.0886887,0.1731477454304695,,0.22343,0.278074,0.718328,3.96215,707.6,4.450314465408805,659,4.144654088050315,2.5327,2.13709,56.36000061035156,25,NL,Freddy Peralta,642547,18679,18679
KCR,Royals,7,6,21,23,,,,114,480,97,54,50,14,142,42,,3,3.92095,1.21537,11.1761,3.27039,3.41737,1.08089,0.295965,0.0866061,0.209359310567379,,0.2238,0.299337,0.708369,3.37918,568.1999999999998,4.984210526315788,537,4.7105263157894735,2.49517,1.77693,48.15999984741211,7,AL,Cole Ragans,666142,21846,21846
PHI,Phillies,8,8,24,24,,,,139,581,134,73,67,21,141,34,,4,4.33185,1.21334,9.11668,2.22776,4.09231,1.34808,0.241998,0.059135,0.1828635260462761,,0.246986,0.296992,0.687666,3.8828,589.9000000000002,4.243884892086332,590,4.244604316546763,2.41534,1.55162,205.52999877929688,26,NL,Aaron Nola,605400,16149,16149
CIN,Reds,10,12,31,31,,,,161,689,156,89,82,22,155,54,,11,4.54598,1.29817,8.62148,2.99493,2.87869,1.22743,0.224366,0.0779403,0.1464255154132843,,0.249689,0.29906,0.676586,4.20164,630.2000000000002,3.9142857142857155,634,3.937888198757764,2.36407,1.63358,388.25,18,NL,Brady Singer,663903,25377,25377
CLE,Guardians,10,9,28,28,,,,161,671,149,75,69,22,152,45,,7,3.86137,1.21297,8.54702,2.54945,3.35249,1.24542,0.227015,0.0677154,0.15929974615573883,,0.240964,0.285655,0.732529,4.00992,681.4000000000002,4.232298136645964,667,4.142857142857143,2.33394,2.3437,188.6300048828125,5,AL,Tanner Bibee,676440,30134,30134
KCR,Royals,9,10,26,26,,,,144,611,141,73,67,17,116,42,,4,4.21325,1.27148,7.26513,2.64536,2.74636,1.08894,0.190501,0.0693647,0.12113583832979202,,0.24959,0.286627,0.69199,4.05603,583.9000000000001,4.054861111111112,593,4.118055555555555,2.28664,1.78415,609.2899780273438,7,AL,Michael Wacha,608379,14078,14078
TBR,Rays,8,6,28,29,,,,136,559,123,61,56,16,114,34,,4,3.70993,1.15826,7.5488,2.24945,3.35584,1.07506,0.203371,0.0606019,0.142768744379282,,0.236187,0.273195,0.716629,3.846,603.8000000000002,4.439705882352943,586,4.3088235294117645,2.25515,2.35606,132.36000061035156,12,AL,Drew Rasmussen,656876,25385,25385
LAA,Angels,8,9,24,29,,,,139,602,125,69,64,11,133,63,,11,4.10764,1.34783,8.59962,4.07498,2.11034,0.6801,0.221205,0.104819,0.11638538539409637,,0.236085,0.296899,0.68576,3.7915,612.3000000000002,4.405035971223023,596,4.287769784172662,2.2515,1.68824,321.80999755859375,1,AL,José Soriano,667755,22100,22100
MIN,Twins,7,7,28,28,,,,146,623,138,74,68,18,140,52,,4,4.21668,1.29586,8.63201,3.17593,2.71795,1.13465,0.22476,0.0826949,0.14206556230783463,,0.242546,0.291476,0.702723,3.99411,612.2,4.193150684931507,608,4.164383561643835,2.23416,1.64485,492.4599914550781,8,AL,Taj Bradley,671737,22543,22543
PIT,Pirates,9,10,29,29,,,,159,678,158,78,72,19,140,47,,10,4.06397,1.29608,7.91022,2.68828,2.94249,1.09726,0.206089,0.070039,0.13604968786239624,,0.255407,0.301444,0.715538,4.0412,641.1000000000001,4.032075471698114,657,4.132075471698113,2.21711,2.35032,518.6300048828125,27,NL,Mitch Keller,656605,17594,17594
NYY,Yankees,10,8,25,27,,,,127,536,114,61,56,15,133,45,,6,3.97239,1.24421,9.45371,3.15539,2.99605,1.09753,0.249015,0.0831145,0.16590051352977753,,0.23381,0.291239,0.712123,3.80862,571.9000000000002,4.503149606299214,553,4.354330708661418,2.21252,1.63736,116.62999725341797,9,AL,Cam Schlittler,693645,32095,32095
NYM,Mets,7,7,26,27,,,,144,625,141,72,67,13,130,57,,7,4.16151,1.37519,8.12942,3.54147,2.29549,0.787606,0.207868,0.0905548,0.11731278151273727,,0.251407,0.306856,0.696584,3.78811,607.1000000000001,4.215972222222224,619,4.298611111111111,2.21181,1.59085,452.0400085449219,25,NL,David Peterson,656849,20302,20302
BAL,Orioles,5,4,20,20,,,,99,415,87,44,41,10,104,33,,5,3.68462,1.21308,9.39502,3.00385,3.12766,0.942697,0.249339,0.0797207,0.16961848735809326,,0.231153,0.291695,0.720226,3.55678,477.40000000000003,4.822222222222223,459,4.636363636363637,2.16432,1.65562,72.95999908447266,2,AL,Kyle Bradish,680694,24586,24586
DET,Tigers,9,10,26,27,,,,138,591,127,71,66,18,152,53,,7,4.28038,1.30112,9.93071,3.46313,2.86755,1.19834,0.257956,0.0899569,0.1679990142583847,,0.238398,0.3004,0.703469,3.96078,593.6000000000001,4.3014492753623195,580,4.202898550724638,2.11597,1.40084,209.0,6,AL,Jack Flaherty,656427,17479,17479
LAD,Dodgers,5,3,20,21,,,,106,438,85,48,44,14,124,38,,1,3.75326,1.16339,10.587,3.1941,3.31455,1.15467,0.284068,0.0857031,0.19836454838514328,,0.214059,0.275122,0.721811,3.54252,522.2,4.926415094339623,479,4.518867924528302,2.10914,1.84794,113.73999786376953,22,NL,Tyler Glasnow,607192,14374,14374
BAL,Orioles,7,7,25,25,,,,130,554,125,64,59,15,114,42,,6,4.06289,1.28001,7.86661,2.86943,2.74153,1.00308,0.205743,0.0750469,0.13069608807563782,,0.247284,0.292865,0.70226,3.92004,536.5,4.126923076923077,539,4.1461538461538465,2.10591,1.51198,146.07000732421875,2,AL,Trevor Rogers,669432,22286,22286
SDP,Padres,9,8,26,28,,,,152,632,132,74,68,24,164,47,,4,4.00922,1.16916,9.65436,2.75393,3.50566,1.42893,0.258902,0.0738525,0.18504928052425385,,0.226439,0.272976,0.723379,4.04792,661.3999999999999,4.351315789473683,623,4.098684210526316,2.0832,1.84187,96.01000213623047,29,NL,Nick Pivetta,601713,15454,15454
MIN,Twins,7,8,27,27,,,,146,610,143,76,70,23,128,34,,6,4.30682,1.21326,7.86592,2.07369,3.79319,1.41684,0.209039,0.0551091,0.15393030270934105,,0.251319,0.28667,0.698096,4.24436,561.7,3.847260273972603,567,3.8835616438356166,2.0724,1.44238,494.3399963378906,8,AL,Bailey Ober,641927,21224,21224
STL,Cardinals,9,9,28,29,,,,152,640,154,73,67,17,111,36,,3,3.96075,1.25558,6.58248,2.15066,3.06068,1.03357,0.173364,0.0566423,0.11672159284353256,,0.256676,0.289544,0.709925,3.9396,620.3,4.080921052631578,644,4.2368421052631575,2.05014,2.08757,715.3800048828125,28,NL,Michael McGreevy,700241,29869,29869
ATH,Athletics,8,9,25,27,,,,140,600,138,72,67,19,120,47,,2,4.2818,1.31989,7.69272,3.00231,2.56226,1.24624,0.199338,0.0777975,0.12154027074575424,,0.250298,0.287664,0.712914,4.26808,536.5,3.8321428571428573,546,3.9,2.00286,1.5958,722.25,10,AL,Jeffrey Springs,605488,17677,17677
CHC,Cubs,9,8,25,25,,,,136,572,129,67,61,18,125,38,,6,4.05313,1.22849,8.26003,2.54199,3.24943,1.19829,0.218631,0.0672829,0.15134800225496292,,0.244282,0.288076,0.709134,4.00574,567.6000000000001,4.173529411764707,564,4.147058823529412,1.98717,1.72657,212.75999450683594,17,NL,Matthew Boyd,571510,15440,15440
MIL,Brewers,8,6,23,26,,,,116,487,91,55,51,14,144,51,,9,3.92557,1.22063,11.2009,3.92272,2.8554,1.10711,0.296241,0.103748,0.19249356538057327,,0.212669,0.284928,0.712054,3.77829,557.6,4.806896551724138,506,4.362068965517241,1.94515,1.7287,114.13999938964844,23,NL,Jacob Misiorowski,694819,31623,31623
BAL,Orioles,9,9,27,27,,,,140,594,129,71,66,18,138,47,,8,4.21744,1.25849,8.87334,3.04245,2.91651,1.17973,0.233054,0.0799084,0.15314538776874542,,0.240185,0.290718,0.696887,4.06211,590.2,4.215714285714286,577,4.121428571428571,1.93151,1.41274,186.92999267578125,2,AL,Shane Baz,669358,22264,22264
CLE,Guardians,9,7,28,28,,,,146,621,126,66,61,18,152,62,,6,3.75489,1.2834,9.40127,3.80349,2.47175,1.10666,0.245345,0.0992595,0.14608537405729294,,0.226786,0.280749,0.746825,4.0305,631.4000000000001,4.324657534246576,596,4.082191780821918,1.90191,2.34061,144.74000549316406,5,AL,Gavin Williams,668909,30122,30122
LAA,Angels,6,7,17,38,,,,111,467,98,56,52,13,127,37,,6,4.18414,1.2179,10.2603,3.01899,3.3986,1.08374,0.271774,0.0799665,0.1918078064918518,,0.232134,0.299893,0.679077,3.60038,531.7,4.79009009009009,511,4.603603603603603,1.88674,1.08081,350.4599914550781,1,AL,Reid Detmers,672282,27468,27468
NYY,Yankees,7,7,27,28,,,,136,583,128,73,67,17,134,50,,6,4.43266,1.30886,8.84024,3.29183,2.68551,1.15156,0.229434,0.0854341,0.14400016516447067,,0.243522,0.29507,0.684691,4.05923,564.5,4.150735294117647,559,4.110294117647059,1.88406,0.974372,285.04998779296875,9,AL,Will Warren,701542,30182,30182
CHW,White Sox,6,8,28,28,,,,138,581,118,69,64,16,133,53,,13,4.14068,1.23408,8.67192,3.4355,2.52421,1.07252,0.229139,0.0907767,0.13836251944303513,,0.228379,0.276728,0.687753,4.17579,585.6000000000001,4.2434782608695665,550,3.9855072463768115,1.85136,1.61609,245.5399932861328,4,AL,Shane Smith,681343,31687,31687
ATH,Athletics,7,9,24,24,,,,137,589,137,74,68,16,112,44,,10,4.47064,1.31608,7.30196,2.8643,2.5493,1.07772,0.189448,0.0743138,0.11513406783342361,,0.256253,0.296364,0.67583,4.23526,522.8000000000002,3.8160583941605855,539,3.934306569343066,1.84165,1.23284,642.52001953125,10,AL,Luis Severino,622663,15890,15890
LAA,Angels,6,8,28,28,,,,145,636,150,79,72,22,147,55,,4,4.48935,1.41637,9.12129,3.4374,2.65354,1.35331,0.230821,0.086986,0.14383509010076523,,0.259756,0.313667,0.724945,4.28815,529.4,3.6510344827586207,556,3.8344827586206898,1.82325,1.11343,506.57000732421875,1,AL,Yusei Kikuchi,579328,20633,20633
BOS,Red Sox,8,7,22,25,,,,109,464,100,54,49,12,111,40,,11,4.06983,1.28724,9.14696,3.31559,2.75877,0.959777,0.238545,0.0864679,0.1520773395895958,,0.242159,0.304035,0.699259,3.88728,467.9999999999999,4.293577981651375,458,4.201834862385321,1.79456,1.51011,266.4800109863281,3,AL,Connelly Early,813349,33666,33666
SDP,Padres,7,6,22,23,,,,117,502,106,55,50,15,125,46,,7,3.85243,1.2963,9.59615,3.55388,2.70019,1.18687,0.249624,0.0924468,0.15717707574367523,,0.235909,0.293391,0.747548,4.068,496.70000000000016,4.245299145299147,481,4.111111111111111,1.78107,1.63365,129.55999755859375,29,NL,Michael King,650633,19853,19853
NYM,Mets,9,8,26,28,,,,142,606,127,69,64,16,144,56,,13,4.01934,1.28422,9.1101,3.51716,2.59019,1.02398,0.237762,0.0917933,0.1459686979651451,,0.236784,0.294523,0.710079,4.04225,604.8,4.259154929577464,583,4.105633802816901,1.74714,1.76791,87.29000091552734,25,NL,Nolan McLean,690997,33703,33703
MIA,Marlins,6,7,26,26,,,,110,461,96,56,52,16,116,38,,3,4.23413,1.20582,9.46084,3.0579,3.0939,1.29925,0.251511,0.0812926,0.17021842300891876,,0.227103,0.275675,0.691881,4.00768,476.6,4.332727272727273,451,4.1,1.74539,1.38958,78.6500015258789,20,NL,Eury Pérez,691587,27768,27768
ARI,Diamondbacks,13,11,30,30,,,,172,724,159,83,76,23,155,56,,6,3.98299,1.25197,8.15082,2.91859,2.79272,1.2053,0.21455,0.0768248,0.13772548735141754,,0.240147,0.281135,0.724235,4.1393,700.5000000000001,4.0726744186046515,685,3.9825581395348837,1.69523,2.60746,222.69000244140625,15,NL,Zac Gallen,668678,19291,19291
CHC,Cubs,8,7,25,25,,,,136,561,127,67,62,24,128,30,,4,4.08003,1.15439,8.4659,2.01597,4.19942,1.58481,0.228101,0.0543172,0.17378349229693413,,0.240326,0.273831,0.728781,4.30044,535.0,3.9338235294117645,522,3.838235294117647,1.68532,1.72657,157.92999267578125,17,NL,Shota Imanaga,684007,33829,33829
PIT,Pirates,8,6,13,38,,,,103,438,98,44,40,10,93,33,,4,3.52534,1.27036,8.08494,2.86885,2.81818,0.843779,0.211897,0.0751893,0.1367078796029091,,0.245057,0.296719,0.741454,3.62606,459.40000000000003,4.460194174757282,460,4.466019417475728,1.63825,1.90175,745.6199951171875,27,NL,Carmen Mlodzinski,669387,27572,27572
TBR,Rays,7,8,23,27,,,,113,494,95,57,53,12,126,62,,7,4.196,1.38057,9.98381,4.91855,2.02983,0.922228,0.254552,0.125405,0.12914617359638214,,0.222322,0.288049,0.706329,4.06746,486.6,4.306194690265487,454,4.017699115044247,1.59857,1.27013,713.1400146484375,12,AL,Joe Boyle,671212,29608,29608
STL,Cardinals,8,9,24,31,,,,131,557,128,66,61,15,112,40,,6,4.16774,1.28425,7.68746,2.76022,2.78509,1.04719,0.200887,0.0721296,0.12875774502754211,,0.2506,0.293891,0.696389,3.99266,538.1000000000001,4.10763358778626,546,4.1679389312977095,1.59667,1.4145,410.2300109863281,28,NL,Matthew Liberatore,669461,22294,22294
MIL,Brewers,6,7,25,31,,,,135,572,128,74,68,21,131,44,,6,4.52384,1.27834,8.74029,2.96251,2.9503,1.40763,0.228505,0.0774513,0.15105322748422623,,0.244781,0.28827,0.690957,4.34318,519.9000000000001,3.851111111111112,514,3.8074074074074074,1.58211,0.96602,288.6499938964844,23,NL,Chad Patrick,694477,30113,30113
CHC,Cubs,8,7,25,26,,,,124,514,110,60,55,16,110,37,,5,4.00194,1.18115,8.01267,2.65384,3.01928,1.17664,0.214574,0.071068,0.1435060054063797,,0.232302,0.2704,0.69914,4.05599,528.8,4.264516129032257,506,4.080645161290323,1.58098,1.67783,177.7100067138672,17,NL,Cade Horton,690990,31872,31872
LAD,Dodgers,5,4,17,24,,,,87,363,72,44,40,11,101,32,,5,4.14273,1.19958,10.4613,3.35346,3.11957,1.17553,0.278274,0.0892029,0.18907130509614944,,0.220598,0.283558,0.687752,3.79327,412.3,4.739080459770115,383,4.402298850574713,1.57687,0.979339,111.20999908447266,22,NL,Emmet Sheehan,686218,29839,29839
COL,Rockies,7,12,26,26,,,,134,588,155,80,73,19,99,36,,6,4.92079,1.43105,6.67347,2.43963,2.73544,1.30272,0.168667,0.0616598,0.10700671747326851,,0.284051,0.317512,0.681169,4.47141,426.89999999999986,3.185820895522387,495,3.6940298507462686,1.56651,1.38684,999.0,19,NL,Kyle Freeland,607536,16256,16256
DET,Tigers,7,8,23,26,,,,128,547,117,67,62,19,144,48,,7,4.33555,1.28794,10.1175,3.35811,3.01287,1.33954,0.263585,0.0874863,0.17609833925962448,,0.238295,0.298512,0.70799,4.09949,532.3,4.15859375,516,4.03125,1.56451,1.16056,999.0,6,AL,Drew Anderson,623454,15130,15130
BAL,Orioles,6,6,18,33,,,,111,484,120,56,52,15,102,36,,4,4.21062,1.4036,8.333,2.89469,2.87871,1.18224,0.211639,0.0735185,0.1381201222538948,,0.269268,0.32105,0.733849,4.06102,408.9000000000001,3.6837837837837846,444,4.0,1.53758,0.991304,999.0,2,AL,Dietrich Enns,608650,13932,13932
CHC,Cubs,6,6,15,24,,,,98,413,89,49,45,12,106,34,,4,4.14613,1.25426,9.74717,3.10027,3.14398,1.13622,0.256061,0.0814448,0.1746160238981247,,0.236592,0.297233,0.699314,3.76276,444.20000000000005,4.53265306122449,432,4.408163265306122,1.51896,1.06444,733.6500244140625,17,NL,Ben Brown,676962,23590,23590
PHI,Phillies,10,3,0,65,,,,65,264,50,20,18,3,81,19,,4,2.48411,1.0665,11.1241,2.67464,4.15909,0.401196,0.305542,0.0734637,0.232078455388546,,0.208561,0.300959,0.763362,2.31248,407.1,6.263076923076923,379,5.8307692307692305,1.51794,1.51065,41.84000015258789,26,NL,Jhoan Duran,661395,21029,21029
CLE,Guardians,5,5,18,31,,,,101,435,88,47,43,11,113,45,,2,3.8042,1.31826,10.0102,4.0149,2.49326,1.02113,0.258954,0.103862,0.15509244054555893,,0.227711,0.291313,0.74073,3.78065,468.3000000000001,4.636633663366338,447,4.425742574257426,1.5078,1.34694,270.80999755859375,5,AL,Joey Cantillo,676282,23335,23335
TOR,Blue Jays,7,5,14,48,,,,106,445,99,48,44,14,102,30,,4,3.7273,1.21982,8.64873,2.57971,3.3526,1.14819,0.229316,0.0683995,0.16091666370630264,,0.241289,0.289897,0.7392,3.84095,456.80000000000007,4.309433962264151,450,4.245283018867925,1.49627,1.3701,999.0,14,AL,Louis Varland,686973,27691,27691
ARI,Diamondbacks,8,7,24,24,,,,129,562,131,65,60,18,118,46,,2,4.16617,1.36868,8.18938,3.19496,2.56322,1.27921,0.209706,0.0818137,0.12789274007081985,,0.255394,0.29878,0.739956,4.27289,484.5999999999999,3.756589147286821,503,3.89922480620155,1.48547,1.67415,738.219970703125,15,NL,Eduardo Rodriguez,593958,13164,13164
ATL,Braves,7,5,16,35,,,,102,429,90,44,41,11,104,35,,2,3.59632,1.2329,9.16827,3.1183,2.94015,1.00314,0.242214,0.0823815,0.1598324328660965,,0.230822,0.285951,0.741568,3.64319,482.5,4.730392156862745,464,4.549019607843137,1.47856,1.86346,302.9100036621094,16,NL,Reynaldo López,625643,16400,16400
MIN,Twins,7,8,23,26,,,,121,525,116,63,58,15,117,49,,5,4.28003,1.36104,8.69723,3.66199,2.375,1.07898,0.223008,0.0938982,0.1291099712252617,,0.245508,0.297932,0.707451,4.1015,481.30000000000007,3.977685950413224,482,3.9834710743801653,1.47044,1.16291,298.7799987792969,8,AL,Mick Abel,690953,27756,27756
TEX,Rangers,6,6,18,18,,,,106,440,98,52,48,15,97,28,,4,4.0513,1.19149,8.24659,2.38934,3.45141,1.27332,0.220237,0.0638106,0.15642603486776352,,0.240001,0.28013,0.706857,4.0481,443.1000000000001,4.180188679245283,433,4.084905660377358,1.44161,1.25428,132.50999450683594,13,AL,Nathan Eovaldi,543135,9132,9132
SDP,Padres,3,1,0,56,,,,60,235,34,17,16,6,100,22,,2,2.4109,0.931358,15.0863,3.31421,4.552,0.874952,0.427178,0.0938439,0.33333367109298706,,0.159822,0.266241,0.805008,2.2484,409.79999999999995,6.829999999999999,350,5.833333333333333,1.41615,1.44872,27.860000610351562,29,NL,Mason Miller,695243,31757,31757
SFG,Giants,8,8,27,27,,,,146,619,135,71,66,21,143,51,,6,4.05244,1.28038,8.85136,3.17169,2.79074,1.30023,0.231273,0.0828717,0.1484014019370079,,0.240397,0.286765,0.733642,4.2232,586.1000000000001,4.014383561643837,572,3.9178082191780823,1.41403,1.90416,166.44000244140625,30,NL,Robbie Ray,592662,11486,11486
TBR,Rays,6,3,1,67,,,,64,259,51,23,21,6,84,17,,2,3.00438,1.0594,11.8479,2.41416,4.90769,0.779959,0.325779,0.0663814,0.2593979462981224,,0.211404,0.301157,0.742534,2.52437,378.20000000000005,5.909375000000001,353,5.515625,1.41033,1.10594,149.2100067138672,12,AL,Griffin Jax,643377,20253,20253
HOU,Astros,4,4,23,28,,,,112,472,101,55,51,17,114,39,,4,4.08527,1.24721,9.19539,3.11649,2.95056,1.34464,0.242093,0.0820499,0.1600434109568596,,0.234631,0.281611,0.726194,4.17552,456.10000000000014,4.0723214285714295,438,3.9107142857142856,1.39651,1.3206,237.9499969482422,21,AL,Mike Burrows,681347,24728,24728
STL,Cardinals,7,8,19,21,,,,115,484,104,57,52,13,100,39,,9,4.0972,1.24514,7.82926,3.09032,2.53348,0.986418,0.206483,0.0815017,0.12498144060373306,,0.237699,0.281486,0.687288,4.07787,476.70000000000005,4.145217391304349,462,4.017391304347826,1.39466,1.37874,414.6700134277344,28,NL,Dustin May,669160,19716,19716
CLE,Guardians,8,3,0,68,,,,68,274,51,23,21,5,90,21,,5,2.77003,1.04952,11.9408,2.75467,4.33473,0.63392,0.329114,0.0759249,0.2531889081001282,,0.203419,0.298112,0.751886,2.52683,411.1,6.045588235294118,377,5.544117647058823,1.39073,1.22799,39.90999984741211,5,AL,Cade Smith,671922,27867,27867
TBR,Rays,7,8,18,29,,,,118,494,110,61,56,17,113,34,,8,4.30033,1.21904,8.65528,2.58919,3.34286,1.33158,0.229531,0.0686633,0.16086823493242264,,0.242769,0.287304,0.691446,4.19547,478.1,4.051694915254237,469,3.9745762711864407,1.36896,1.08724,521.1400146484375,12,AL,Ian Seymour,693855,27932,27932
BOS,Red Sox,6,3,5,44,,,,70,284,60,27,25,7,80,17,,3,3.20134,1.10884,10.3023,2.25648,4.56566,0.877522,0.280228,0.0613774,0.21885085105895996,,0.226275,0.298261,0.742753,2.99078,375.9,5.37,359,5.128571428571429,1.34626,1.33631,624.97998046875,3,AL,Garrett Whitlock,676477,20191,20191
KCR,Royals,7,8,23,25,,,,133,572,134,69,64,19,110,43,,5,4.31778,1.33,7.41115,2.88112,2.57231,1.3096,0.191633,0.0744984,0.1171349436044693,,0.256277,0.290877,0.717874,4.44937,478.1,3.5947368421052635,494,3.7142857142857144,1.3332,1.46745,493.1000061035156,7,AL,Seth Lugo,607625,12447,12447
MIL,Brewers,6,7,26,27,,,,122,524,115,67,61,16,110,47,,9,4.5443,1.33031,8.10137,3.50083,2.31413,1.15827,0.209338,0.0904607,0.11887679994106293,,0.245172,0.289131,0.679468,4.38956,459.0000000000002,3.762295081967215,454,3.721311475409836,1.29999,0.907363,528.2000122070312,23,NL,Brandon Sproat,687075,33850,33850
CIN,Reds,5,7,23,23,,,,107,459,108,61,56,14,86,33,,5,4.71056,1.32014,7.22041,2.8067,2.57256,1.1997,0.187167,0.072755,0.1144116222858429,,0.256608,0.292274,0.662741,4.33484,396.8000000000001,3.7084112149532724,411,3.8411214953271027,1.29042,0.909665,552.219970703125,18,NL,Rhett Lowder,695076,33876,33876
ATH,Athletics,7,9,22,30,,,,119,513,113,65,60,18,110,47,,3,4.53606,1.34448,8.33499,3.55404,2.34522,1.3336,0.214616,0.0915122,0.12310366332530975,,0.243743,0.28403,0.700638,4.46725,435.3999999999999,3.658823529411764,431,3.6218487394957983,1.28423,0.91753,735.3200073242188,10,AL,Luis Morales,806960,32227,32227
WSN,Nationals,5,6,22,22,,,,100,431,96,53,49,11,90,38,,10,4.42283,1.33812,8.07175,3.41406,2.36427,0.958471,0.208196,0.0880594,0.12013668566942215,,0.250228,0.301345,0.676153,4.15434,391.1,3.911,393,3.93,1.27605,0.982458,305.2200012207031,24,NL,Cade Cavalli,676917,27473,27473
ARI,Diamondbacks,6,5,23,29,,,,137,577,133,68,62,20,116,38,,4,4.08208,1.24559,7.63306,2.4942,3.06032,1.30208,0.201323,0.0657848,0.1355380043387413,,0.247859,0.282649,0.721528,4.23595,528.0000000000002,3.8540145985401475,531,3.875912408759124,1.27025,1.81467,251.42999267578125,15,NL,Ryne Nelson,669194,26253,26253
ATL,Braves,7,7,21,22,,,,91,386,87,47,43,13,89,29,,7,4.23914,1.27541,8.80344,2.8474,3.09174,1.24519,0.230303,0.0744897,0.15581322461366653,,0.248685,0.299528,0.705765,4.15006,357.3,3.9263736263736266,356,3.912087912087912,1.26439,1.03248,600.4400024414062,16,NL,Didier Fuentes,800311,30661,30661
KCR,Royals,5,7,23,26,,,,118,503,116,63,58,15,85,38,,2,4.45415,1.31084,6.51138,2.88871,2.25408,1.18511,0.169265,0.0750926,0.09417212009429932,,0.251436,0.278479,0.686112,4.41227,437.1,3.7042372881355936,445,3.7711864406779663,1.20196,1.11539,999.0,7,AL,Bailey Falter,663559,20070,20070
HOU,Astros,8,9,22,26,,,,131,560,121,68,63,19,132,51,,9,4.31284,1.31685,9.08236,3.48397,2.6069,1.30349,0.235224,0.0902315,0.14499273896217346,,0.242311,0.29255,0.714466,4.3592,505.1,3.855725190839695,492,3.7557251908396947,1.16977,1.1759,725.9600219726562,21,AL,Ryan Weiss,680802,24621,24621
DET,Tigers,5,5,13,37,,,,88,369,84,42,39,10,78,24,,8,3.94554,1.23113,7.99917,2.47722,3.22909,0.990888,0.211642,0.0655424,0.14609990268945694,,0.249174,0.298093,0.700669,3.8788,369.80000000000007,4.202272727272728,370,4.204545454545454,1.16945,0.999568,999.0,6,AL,Brant Hurter,676428,30133,30133
SFG,Giants,6,5,18,18,,,,87,369,82,40,37,10,72,28,,1,3.80512,1.25285,7.44368,2.86505,2.5981,0.997326,0.196021,0.0754477,0.12057305127382278,,0.24024,0.279029,0.722681,3.90983,364.6000000000001,4.190804597701151,362,4.160919540229885,1.15685,1.3791,322.7200012207031,30,NL,Tyler Mahle,641816,16358,16358
CHW,White Sox,6,9,22,27,,,,123,536,117,69,64,18,119,54,,5,4.6603,1.39639,8.70602,3.95611,2.20065,1.34882,0.221409,0.100611,0.12079831212759018,,0.245971,0.291027,0.702486,4.58578,445.6000000000001,3.622764227642277,442,3.5934959349593494,1.15492,0.632525,748.5599975585938,4,AL,Sean Burke,680732,29878,29878
TOR,Blue Jays,6,7,18,28,,,,108,463,105,57,52,17,100,36,,3,4.33714,1.29972,8.32496,2.95284,2.81931,1.42526,0.216627,0.076837,0.13979017734527588,,0.248174,0.287196,0.71976,4.40853,400.1,3.70462962962963,402,3.7222222222222223,1.15215,0.801217,720.5399780273438,14,AL,Eric Lauer,641778,19316,19316
SEA,Mariners,6,6,23,28,,,,119,509,117,62,57,16,101,38,,7,4.33863,1.30066,7.63162,2.87254,2.65675,1.22921,0.198664,0.0747772,0.12388713657855988,,0.252503,0.291097,0.700051,4.3585,446.59999999999997,3.752941176470588,454,3.8151260504201683,1.09575,0.639406,733.4199829101562,11,AL,Emerson Hancock,676106,27470,27470
ATH,Athletics,5,6,19,24,,,,99,429,96,55,51,14,96,38,,9,4.60098,1.3431,8.71403,3.39322,2.56808,1.22666,0.224373,0.0873701,0.13700293004512787,,0.250889,0.302169,0.683359,4.36445,361.80000000000007,3.654545454545455,364,3.676767676767677,1.07488,0.690622,748.3499755859375,10,AL,J.T. Ginn,669372,27889,27889
NYM,Mets,4,5,17,22,,,,99,419,93,55,51,15,102,31,,6,4.60052,1.2537,9.28277,2.85685,3.2493,1.40842,0.243996,0.0750919,0.16890418529510498,,0.243119,0.292801,0.674727,4.23502,399.3,4.033333333333333,393,3.9696969696969697,1.06876,0.48293,423.3599853515625,25,NL,Sean Manaea,640455,15873,15873
CHW,White Sox,3,3,8,46,,,,55,235,50,24,22,5,60,20,,0,3.6084,1.26076,9.73053,3.21493,3.02667,0.785872,0.255232,0.0843276,0.1709040328860283,,0.232944,0.301155,0.724597,3.17959,275.5,5.009090909090909,270,4.909090909090909,1.0587,0.738602,506.67999267578125,4,AL,Grant Taylor,691799,33927,33927
PIT,Pirates,3,3,11,45,,,,81,350,74,38,35,9,90,34,,4,3.89156,1.32449,9.92812,3.77054,2.63307,0.964557,0.256475,0.0974052,0.15906991809606552,,0.236155,0.304231,0.727572,3.72188,362.29999999999995,4.472839506172839,354,4.37037037037037,1.02902,1.06121,748.4400024414062,27,NL,Mason Montgomery,682254,29770,29770
SDP,Padres,5,3,0,68,,,,66,273,48,26,24,8,94,29,,2,3.34155,1.18415,12.9635,4.01483,3.22892,1.06417,0.345332,0.10695,0.23838212341070175,,0.199723,0.290072,0.766317,3.21844,360.2000000000001,5.457575757575759,321,4.863636363636363,1.01295,0.802134,623.5800170898438,29,NL,Jeremiah Estrada,669093,22210,22210
CHW,White Sox,3,5,13,21,,,,76,324,80,43,39,11,60,19,,3,4.65541,1.30572,7.12078,2.23438,3.18692,1.34689,0.185229,0.0581219,0.127107635140419,,0.265364,0.29822,0.678223,4.3579,273.09999999999997,3.5934210526315784,291,3.8289473684210527,1.00548,0.301974,999.0,4,AL,Jedixson Paez,699151,29114,29114
NYY,Yankees,6,3,0,61,,,,61,251,48,24,22,6,75,21,,2,3.31787,1.13207,11.1025,3.06455,3.62288,0.857036,0.300048,0.0828202,0.21722762286663055,,0.211696,0.288899,0.732273,3.0226,333.80000000000007,5.472131147540985,308,5.049180327868853,1.00524,0.744108,64.05999755859375,9,AL,David Bednar,670280,19569,19569
CLE,Guardians,6,8,22,26,,,,124,522,123,66,60,20,106,32,,6,4.40696,1.25617,7.72405,2.31658,3.33425,1.44707,0.203191,0.0609407,0.14225061982870102,,0.25503,0.289233,0.702113,4.43129,449.7999999999999,3.627419354838709,458,3.693548387096774,1.00008,0.906471,584.5599975585938,5,AL,Slade Cecconi,677944,27500,27500
LAD,Dodgers,5,2,0,57,,,,58,234,41,22,20,6,83,21,,5,3.1339,1.07575,12.8998,3.27985,3.93305,0.905732,0.352911,0.0897294,0.26318131387233734,,0.196873,0.293717,0.745846,2.92166,336.80000000000007,5.806896551724139,300,5.172413793103448,0.973498,0.873556,33.0,22,NL,Edwin Díaz,621242,14710,14710
SDP,Padres,8,5,1,64,,,,65,269,56,27,25,5,66,21,,1,3.47958,1.19898,9.1414,2.96942,3.07851,0.674868,0.243492,0.0790941,0.16439808160066605,,0.227111,0.290245,0.711827,3.11332,339.9,5.229230769230769,326,5.015384615384615,0.963068,0.688776,735.8499755859375,29,NL,Adrian Morejon,670970,20039,20039
NYM,Mets,5,6,19,29,,,,108,468,112,59,55,15,89,35,,4,4.53529,1.35679,7.38552,2.89858,2.54798,1.2663,0.189781,0.074483,0.11529816687107086,,0.260888,0.297528,0.69757,4.39655,384.50000000000006,3.5601851851851856,406,3.759259259259259,0.961962,0.582653,999.0,25,NL,Tobias Myers,668964,22191,22191
COL,Rockies,6,10,23,24,,,,121,545,133,70,65,15,78,54,,5,4.82331,1.5558,5.81899,4.0437,1.43902,1.0849,0.143079,0.0994278,0.043651215732097626,,0.274608,0.302228,0.701693,4.87755,344.1000000000001,2.8438016528925627,389,3.2148760330578514,0.959812,1.44046,999.0,19,NL,Jose Quintana,500779,11423,11423
BOS,Red Sox,5,2,0,57,,,,49,206,36,17,16,4,70,22,,1,2.93928,1.19197,12.8708,4.07038,3.16206,0.707892,0.342242,0.108234,0.23400800675153732,,0.199561,0.300763,0.773658,2.71326,290.80000000000007,5.934693877551021,264,5.387755102040816,0.954372,0.931485,64.55000305175781,3,AL,Aroldis Chapman,547973,10233,10233
MIL,Brewers,5,3,5,53,,,,70,295,64,31,28,7,71,23,,3,3.64236,1.24055,9.09831,2.98379,3.04924,0.870273,0.239941,0.0786886,0.16125208884477615,,0.236708,0.297267,0.724457,3.48927,329.5,4.707142857142857,323,4.614285714285714,0.946689,0.825516,748.489990234375,23,NL,Jared Koenig,657649,27517,27517
TBR,Rays,3,3,7,35,,,,67,285,68,32,30,8,60,18,,2,4.00568,1.28693,8.11885,2.43447,3.33495,1.13451,0.211944,0.0635522,0.14839137345552444,,0.256876,0.304012,0.723267,3.86784,280.59999999999997,4.188059701492537,291,4.343283582089552,0.934483,0.662187,712.989990234375,12,AL,Steven Matz,571927,13361,13361
PIT,Pirates,3,4,20,26,,,,84,369,81,45,41,10,80,37,,8,4.36733,1.39419,8.57135,3.89607,2.2,1.1078,0.218121,0.0991457,0.11897487193346024,,0.250779,0.303943,0.709353,4.42965,313.0,3.7261904761904763,315,3.75,0.923846,0.814132,999.0,27,NL,Hunter Barco,682995,33174,33174
HOU,Astros,4,2,0,68,,,,68,287,50,25,23,6,92,32,,4,3.0796,1.21489,12.1441,4.28143,2.83646,0.8494,0.321354,0.113294,0.20806003361940384,,0.201569,0.290008,0.778527,3.25885,375.40000000000003,5.5205882352941185,338,4.970588235294118,0.922048,1.03067,181.6999969482422,21,AL,Bryan Abreu,650556,16609,16609
MIA,Marlins,5,3,0,58,,,,55,228,45,22,20,4,58,19,,2,3.25486,1.17201,9.41851,3.1683,2.97273,0.633661,0.252456,0.0849241,0.16753219068050385,,0.218192,0.283806,0.72562,3.11913,293.8,5.341818181818182,276,5.0181818181818185,0.918523,0.751628,111.45999908447266,20,NL,Pete Fairbanks,664126,17998,17998
CHC,Cubs,4,2,1,45,,,,47,188,38,16,15,4,51,12,,2,2.90409,1.0642,9.89735,2.24091,4.41667,0.74697,0.272319,0.0616571,0.2106616497039795,,0.217516,0.285451,0.752597,2.88615,259.8,5.527659574468085,243,5.170212765957447,0.915718,0.92505,748.530029296875,17,NL,Hunter Harvey,640451,15507,15507
CHW,White Sox,5,8,20,22,,,,115,507,119,67,61,17,99,45,,4,4.77551,1.42,7.74734,3.54086,2.18798,1.33811,0.196123,0.0896362,0.10648643225431442,,0.259092,0.297319,0.695835,4.62727,383.5,3.3347826086956522,405,3.5217391304347827,0.912675,0.379977,717.8599853515625,4,AL,Anthony Kay,641743,20387,20387
SDP,Padres,6,8,25,26,,,,124,540,126,70,65,16,89,46,,9,4.67952,1.37774,6.43322,3.30578,1.94605,1.1911,0.164644,0.084604,0.08003965020179749,,0.258809,0.287238,0.681433,4.73813,406.19999999999993,3.275806451612903,425,3.4274193548387095,0.909797,0.522261,721.1699829101562,29,NL,Randy Vásquez,681190,24719,24719
MIA,Marlins,4,5,17,17,,,,79,340,77,41,37,11,72,28,,3,4.25095,1.32718,8.21823,3.13314,2.623,1.21121,0.212491,0.0810106,0.13148053735494614,,0.25024,0.294781,0.714614,4.21288,300.1,3.79873417721519,303,3.8354430379746836,0.897927,0.919562,281.45001220703125,20,NL,Max Meyer,676974,27474,27474
DET,Tigers,5,3,0,60,,,,63,263,56,26,24,5,65,19,,2,3.37872,1.18123,9.17421,2.74976,3.33636,0.687441,0.245412,0.0735569,0.1718556061387062,,0.229387,0.29367,0.719701,3.09764,326.1,5.1761904761904765,317,5.031746031746032,0.888556,0.677933,485.7300109863281,6,AL,Will Vest,676684,19769,19769
NYM,Mets,6,3,0,60,,,,57,231,38,22,20,5,78,24,,3,3.16414,1.0865,12.3556,3.79742,3.25368,0.76786,0.337292,0.103665,0.23362739384174347,,0.184753,0.270817,0.728353,2.91796,336.49999999999994,5.903508771929824,295,5.175438596491228,0.880736,0.75214,59.470001220703125,25,NL,Devin Williams,642207,15816,15816
KCR,Royals,3,2,1,58,,,,58,238,49,24,22,6,60,16,,3,3.40029,1.12912,9.28003,2.55577,3.63102,0.902035,0.251401,0.0692372,0.18216419219970703,,0.224333,0.282591,0.726592,3.37811,291.0,5.017241379310345,275,4.741379310344827,0.857975,0.731222,720.1400146484375,7,AL,Matt Strahm,621381,13799,13799
MIL,Brewers,6,5,9,40,,,,81,356,72,39,36,7,87,43,,6,3.95752,1.42022,9.61038,4.78075,2.01023,0.752797,0.24288,0.120822,0.12205766886472702,,0.234348,0.304822,0.72308,3.89554,353.09999999999997,4.359259259259259,341,4.209876543209877,0.846803,0.834542,999.0,23,NL,Aaron Ashby,676879,23550,23550
WSN,Nationals,6,8,16,39,,,,111,479,115,61,57,14,82,35,,7,4.58049,1.34519,6.64535,2.82356,2.35354,1.09805,0.171337,0.0727999,0.09853725880384445,,0.262142,0.295819,0.67439,4.36866,388.20000000000005,3.4972972972972975,411,3.7027027027027026,0.84614,0.624396,999.0,24,NL,Brad Lord,695418,31972,31972
NYY,Yankees,3,3,7,31,,,,63,262,57,31,29,9,67,18,,3,4.13342,1.1902,9.60661,2.59026,3.70874,1.24484,0.256319,0.0691122,0.18720680475234985,,0.235584,0.291107,0.69338,3.80017,278.30000000000007,4.417460317460319,269,4.26984126984127,0.844599,0.488377,999.0,9,AL,Brent Headrick,687396,27702,27702
LAD,Dodgers,5,3,0,62,,,,60,250,49,25,23,6,69,22,,3,3.40448,1.17776,10.3802,3.32851,3.11858,0.868307,0.2776,0.089015,0.18858524411916733,,0.216215,0.286085,0.735204,3.33686,305.79999999999995,5.096666666666666,285,4.75,0.844495,0.670648,712.8099975585938,22,NL,Tanner Scott,656945,17586,17586
LAD,Dodgers,5,3,0,67,,,,60,248,45,25,23,7,75,24,,3,3.47274,1.16699,11.2364,3.64818,3.08,1.02149,0.301048,0.0977428,0.2033049538731575,,0.20623,0.278032,0.741576,3.47563,309.9,5.165,278,4.633333333333334,0.834553,0.670382,743.4199829101562,22,NL,Alex Vesia,681911,25007,25007
BAL,Orioles,5,3,0,56,,,,58,239,48,22,21,6,68,19,,1,3.23521,1.16944,10.5919,3.03019,3.49545,0.909058,0.283779,0.0811853,0.20259417593479156,,0.219514,0.290867,0.757482,3.15503,306.6,5.286206896551724,288,4.9655172413793105,0.824014,0.787268,85.58999633789062,2,AL,Ryan Helsley,664854,18138,18138
MIL,Brewers,3,1,0,65,,,,66,275,46,25,23,5,80,31,,5,3.07225,1.16777,10.8527,4.21185,2.5767,0.658101,0.290815,0.112863,0.17795171588659286,,0.194097,0.269374,0.747819,3.29734,359.30000000000007,5.443939393939395,317,4.803030303030303,0.815373,0.991137,167.27999877929688,23,NL,Abner Uribe,682842,25327,25327
HOU,Astros,7,9,19,29,,,,114,492,108,61,57,17,104,47,,4,4.48338,1.365,8.24791,3.72019,2.21707,1.34589,0.211376,0.0953402,0.1160355880856514,,0.244735,0.284181,0.712618,4.58763,408.6999999999999,3.5850877192982447,404,3.543859649122807,0.812796,0.768463,748.5399780273438,21,AL,AJ Blubaugh,805123,31764,31764
NYY,Yankees,5,3,0,66,,,,64,267,49,28,26,5,75,29,,4,3.62384,1.22246,10.5788,4.1119,2.57273,0.685317,0.279822,0.108765,0.17105711996555328,,0.20788,0.283573,0.703316,3.32758,335.70000000000005,5.245312500000001,306,4.78125,0.805906,0.482648,663.6500244140625,9,AL,Camilo Doval,666808,21992,21992
TEX,Rangers,3,3,4,40,,,,70,289,65,34,32,8,60,17,,4,4.08472,1.19064,7.82214,2.25442,3.4697,1.00196,0.209026,0.0602433,0.1487826369702816,,0.244078,0.288648,0.673879,3.76263,307.6,4.394285714285715,303,4.328571428571428,0.796955,0.413859,999.0,13,AL,Jakob Junis,596001,13619,13619
BAL,Orioles,4,5,15,20,,,,76,316,70,41,38,13,66,21,,2,4.49222,1.20301,7.83693,2.46602,3.17797,1.49424,0.208791,0.0656996,0.14309148490428925,,0.239993,0.269206,0.680496,4.45058,283.5,3.7302631578947367,274,3.6052631578947367,0.792005,0.466963,748.469970703125,2,AL,Tyler Wells,669330,20000,20000
SFG,Giants,7,4,2,64,,,,63,263,55,25,23,5,69,20,,6,3.26945,1.17847,9.83278,2.85226,3.44737,0.688045,0.263047,0.0763036,0.1867431029677391,,0.230071,0.304807,0.73136,3.16989,321.70000000000005,5.106349206349207,310,4.920634920634921,0.791904,0.870935,144.55999755859375,30,NL,Ryan Walker,676254,20423,20423
CIN,Reds,5,5,0,61,,,,65,277,60,32,29,5,62,24,,3,4.03443,1.29792,8.6313,3.2887,2.62454,0.67241,0.224633,0.0855896,0.13904327154159546,,0.241638,0.303606,0.679337,3.41904,306.5,4.7153846153846155,303,4.661538461538462,0.783717,0.390208,999.0,18,NL,Graham Ashcraft,668933,27552,27552
COL,Rockies,5,9,24,25,,,,127,557,135,76,70,21,97,46,,6,5.00394,1.43371,6.88174,3.30624,2.08144,1.49657,0.173793,0.0834965,0.09029638767242432,,0.267729,0.294908,0.690618,5.01786,368.5000000000002,2.9015748031496083,400,3.1496062992125986,0.782668,1.2881,999.0,19,NL,Michael Lorenzen,547179,14843,14843
TBR,Rays,2,2,5,38,,,,69,290,67,35,32,9,64,18,,3,4.14884,1.23498,8.31548,2.40378,3.45933,1.19614,0.219745,0.0635223,0.1562223732471466,,0.248473,0.294163,0.699687,3.94279,290.70000000000005,4.21304347826087,293,4.246376811594203,0.775253,0.386239,999.0,12,AL,Mason Englert,669438,22288,22288
TBR,Rays,4,5,18,30,,,,92,396,84,50,46,14,91,38,,7,4.47233,1.3269,8.87455,3.76157,2.35927,1.32559,0.229343,0.0972093,0.13213349133729935,,0.238699,0.284778,0.702029,4.55254,337.20000000000016,3.6652173913043495,325,3.532608695652174,0.775039,0.593112,999.0,12,AL,Yoendrys Gómez,672782,22872,22872
SEA,Mariners,5,2,0,61,,,,61,247,42,22,21,5,80,23,,5,3.05032,1.07265,11.7589,3.39273,3.46591,0.809628,0.32229,0.0929887,0.22930171340703964,,0.19333,0.275089,0.743899,3.05803,356.7000000000001,5.847540983606559,316,5.180327868852459,0.765244,0.821856,41.189998626708984,11,AL,Andrés Muñoz,662253,20373,20373
SEA,Mariners,4,3,0,61,,,,68,283,60,29,27,5,67,21,,4,3.51452,1.19027,8.86363,2.78571,3.18182,0.633116,0.236652,0.0743763,0.16227561980485916,,0.232032,0.295702,0.70143,3.17734,344.70000000000005,5.069117647058825,334,4.911764705882353,0.756058,0.416057,999.0,11,AL,Jose A. Ferrer,678606,24017,24017
SDP,Padres,5,6,17,29,,,,104,445,103,56,51,15,95,34,,7,4.43426,1.32503,8.25543,2.94291,2.80519,1.34533,0.213553,0.0761279,0.13742562383413315,,0.25572,0.299198,0.707585,4.42101,384.3,3.6951923076923077,392,3.769230769230769,0.745927,0.588094,999.0,29,NL,Kyle Hart,606996,19646,19646
MIL,Brewers,5,5,12,30,,,,93,393,88,47,43,12,72,29,,6,4.20425,1.25658,6.96271,2.80684,2.48062,1.14994,0.183271,0.073881,0.10939007252454758,,0.245575,0.277349,0.694831,4.37192,350.8,3.772043010752688,348,3.7419354838709675,0.744939,0.894599,999.0,23,NL,Jake Woodford,663765,18674,18674
DET,Tigers,5,4,6,63,,,,75,307,65,33,31,9,62,19,,2,3.68355,1.11691,7.40916,2.28379,3.24424,1.04191,0.201675,0.0621641,0.1395111382007599,,0.226995,0.261003,0.703824,3.83208,336.3,4.484,319,4.253333333333333,0.739253,0.852557,999.0,6,AL,Tyler Holton,663947,26231,26231
SEA,Mariners,4,2,1,55,,,,55,233,46,22,20,4,65,23,,3,3.24297,1.26319,10.6605,3.76254,2.83333,0.627089,0.27923,0.0985518,0.18067823350429535,,0.224072,0.308022,0.74768,3.08288,290.20000000000005,5.276363636363637,275,5.0,0.736512,0.545238,733.280029296875,11,AL,Matt Brash,666374,25756,25756
CHW,White Sox,3,6,11,34,,,,72,321,70,42,39,7,68,36,,6,4.80178,1.47098,8.41676,4.45529,1.88916,0.844968,0.210479,0.111414,0.09906522929668427,,0.252336,0.310741,0.665196,4.21177,274.70000000000005,3.815277777777778,279,3.875,0.733782,0.021748,999.0,4,AL,Jordan Hicks,663855,19618,19618
MIL,Brewers,5,2,1,48,,,,45,187,37,17,16,5,59,15,,1,3.14736,1.15699,11.6714,3.08896,3.77841,0.9653,0.313339,0.0829288,0.23041022568941116,,0.215623,0.298111,0.771601,3.02983,245.3,5.4511111111111115,230,5.111111111111111,0.728973,0.723348,137.6999969482422,23,NL,Trevor Megill,656730,17722,17722
HOU,Astros,5,6,18,19,,,,91,394,81,51,46,14,87,43,,4,4.6076,1.36277,8.61345,4.26357,2.02024,1.37228,0.220787,0.109288,0.11149982362985611,,0.233099,0.27235,0.701553,4.76538,323.6,3.5560439560439563,306,3.3626373626373627,0.727502,0.461232,470.2799987792969,21,AL,Cristian Javier,664299,17606,17606
PHI,Phillies,4,2,0,49,,,,44,187,37,18,17,4,55,17,,1,3.3947,1.2183,11.0655,3.52813,3.13636,0.784029,0.292859,0.0933753,0.19948363304138184,,0.218335,0.299518,0.737281,3.05,236.20000000000005,5.368181818181819,224,5.090909090909091,0.716323,0.565254,746.0700073242188,26,NL,José Alvarado,621237,17780,17780
SFG,Giants,2,3,13,23,,,,69,302,71,37,34,8,58,27,,4,4.4294,1.41716,7.5196,3.50685,2.14426,1.01181,0.19052,0.0888509,0.10166873782873154,,0.260818,0.305882,0.700295,4.2632,250.60000000000005,3.6318840579710154,264,3.8260869565217392,0.715789,0.451681,999.0,30,NL,JT Brubaker,664141,17578,17578
PIT,Pirates,5,4,0,64,,,,63,263,54,27,24,5,59,21,,3,3.4671,1.18434,8.31597,2.95123,2.8178,0.687787,0.222461,0.0789487,0.14351260662078857,,0.226583,0.280645,0.71064,3.40191,310.30000000000007,4.9253968253968266,296,4.698412698412699,0.711587,0.692667,150.50999450683594,27,NL,Dennis Santana,642701,17878,17878
WSN,Nationals,3,4,9,36,,,,68,295,57,34,31,8,80,36,,3,4.15763,1.37957,10.6707,4.83112,2.20874,1.03189,0.271964,0.123131,0.14883288741111755,,0.222974,0.293665,0.719772,3.99374,299.6000000000001,4.405882352941178,279,4.102941176470588,0.700537,0.619278,307.1400146484375,24,NL,Clayton Beeter,690925,27494,27494
SEA,Mariners,4,4,15,25,,,,90,386,90,47,43,11,79,28,,8,4.29959,1.30487,7.8528,2.83429,2.77064,1.11811,0.204179,0.0736936,0.13048501312732697,,0.255555,0.300913,0.694638,4.20413,346.70000000000005,3.8522222222222227,357,3.966666666666667,0.699098,0.401782,999.0,11,AL,Cooper Criswell,681867,24975,24975
SFG,Giants,3,4,11,23,,,,62,265,61,31,29,7,55,20,,4,4.1806,1.31533,8.04976,2.91788,2.75877,0.985424,0.208747,0.0756667,0.13308049738407135,,0.25427,0.30464,0.697416,3.93002,252.09999999999994,4.066129032258064,257,4.145161290322581,0.69069,0.608935,999.0,30,NL,Keaton Winn,676775,23499,23499
LAD,Dodgers,3,2,4,58,,,,65,275,57,33,31,9,68,24,,1,4.22271,1.23911,9.29286,3.33186,2.78909,1.19947,0.245113,0.0878827,0.15723014622926712,,0.227015,0.276376,0.692733,3.95767,283.1,4.355384615384616,269,4.138461538461539,0.6833,0.293908,999.0,22,NL,Jack Dreyer,676263,30249,30249
CHW,White Sox,3,3,4,38,,,,73,319,72,37,34,8,67,29,,4,4.19819,1.38052,8.16883,3.53334,2.31193,0.95087,0.20861,0.0902322,0.11837800592184067,,0.252956,0.30505,0.708654,4.02958,289.6000000000001,3.967123287671234,296,4.054794520547945,0.68271,0.343827,999.0,4,AL,Sean Newcomb,656794,16943,16943
MIL,Brewers,4,3,5,56,,,,66,277,61,30,28,7,61,20,,3,3.79386,1.22679,8.30533,2.76844,3.0,0.922815,0.219911,0.0733036,0.14660725742578506,,0.239074,0.289652,0.709531,3.67711,296.70000000000005,4.495454545454546,292,4.424242424242424,0.680965,0.68935,999.0,23,NL,Angel Zerpa,672582,22717,22717
BOS,Red Sox,3,2,3,34,,,,43,188,38,20,18,3,48,20,,1,3.77367,1.34621,9.9316,4.16251,2.38596,0.602469,0.255263,0.106985,0.14827799797058105,,0.23024,0.306162,0.710944,3.25279,215.5,5.011627906976744,209,4.8604651162790695,0.667632,0.446996,999.0,3,AL,Jovani Morán,663558,20422,20422
MIN,Twins,5,4,4,56,,,,67,281,61,32,30,8,66,21,,4,3.99508,1.22643,8.92321,2.8322,3.15063,1.04282,0.236159,0.0749562,0.1612028181552887,,0.238321,0.292779,0.699045,3.77636,295.79999999999995,4.414925373134328,288,4.298507462686567,0.66525,0.471855,735.4400024414062,8,AL,Cole Sands,663485,21461,21461
TEX,Rangers,6,9,7,37,,,,93,396,95,55,50,15,77,24,,4,4.86851,1.28235,7.46359,2.34035,3.18909,1.40421,0.195165,0.0611976,0.13396702334284782,,0.258788,0.292165,0.652649,4.40129,326.70000000000005,3.5129032258064523,340,3.6559139784946235,0.657611,-0.291003,999.0,13,AL,Tyler Alexander,641302,17735,17735
TEX,Rangers,2,2,7,38,,,,79,345,71,43,40,10,77,38,,2,4.53887,1.38934,8.73107,4.38057,1.99313,1.10266,0.222403,0.111585,0.11081863194704056,,0.234399,0.282836,0.690719,4.32133,311.0,3.9367088607594938,299,3.7848101265822787,0.653247,0.12322,730.9299926757812,13,AL,Jacob Latz,656641,21306,21306
TEX,Rangers,6,4,0,61,,,,57,239,49,25,23,6,64,20,,2,3.65119,1.19763,10.1009,3.10903,3.24889,0.911981,0.268901,0.0827671,0.18613393604755402,,0.224583,0.292062,0.716697,3.34548,282.5999999999999,4.957894736842103,269,4.719298245614035,0.646645,0.415861,232.1199951171875,13,AL,Robert Garcia,676395,23363,23363
TBR,Rays,5,3,0,60,,,,56,230,42,23,21,6,69,21,,6,3.45324,1.12881,11.1744,3.34242,3.34322,0.934744,0.302213,0.0903958,0.21181727200746536,,0.208478,0.285692,0.723762,3.42783,288.4000000000001,5.150000000000001,259,4.625,0.645689,0.628807,505.4800109863281,12,AL,Garrett Cleavinger,664076,17897,17897
LAA,Angels,3,4,11,28,,,,65,283,60,34,31,9,68,29,,3,4.3428,1.36865,9.3669,3.97311,2.35758,1.19193,0.239613,0.101635,0.13797790557146072,,0.240335,0.29603,0.71343,4.23209,254.3,3.9123076923076923,248,3.8153846153846156,0.640884,0.485524,999.0,1,AL,Chase Silseth,681217,30074,30074
MIL,Brewers,2,2,12,27,,,,62,272,56,32,29,7,64,31,,3,4.21955,1.39456,9.24077,4.51204,2.04802,0.981433,0.234999,0.114744,0.12025440484285355,,0.233759,0.292022,0.712583,4.14348,253.09999999999994,4.082258064516128,245,3.9516129032258065,0.63679,0.547372,999.0,23,NL,DL Hall,669084,22207,22207
NYY,Yankees,4,3,1,49,,,,48,205,39,21,19,5,65,24,,3,3.62089,1.3186,12.282,4.53285,2.70956,0.916569,0.317061,0.117016,0.20004497468471527,,0.217938,0.31375,0.749386,3.42399,241.30000000000004,5.0270833333333345,224,4.666666666666667,0.629162,0.407279,999.0,9,AL,Fernando Cruz,518585,7048,7048
TOR,Blue Jays,7,4,0,60,,,,61,249,47,25,23,8,76,21,,4,3.46259,1.12562,11.2533,3.15927,3.56198,1.25327,0.304562,0.0855034,0.21905841678380966,,0.209881,0.276115,0.760134,3.68924,307.8000000000001,5.045901639344264,278,4.557377049180328,0.621736,0.652159,99.63999938964844,14,AL,Jeff Hoffman,656546,17432,17432
TEX,Rangers,4,2,0,45,,,,40,164,38,16,15,4,38,8,,1,3.36075,1.14104,8.6625,1.74439,4.96591,0.872197,0.23412,0.0471454,0.18697453290224075,,0.243308,0.300073,0.73123,3.12412,197.0,4.925,197,4.925,0.617123,0.455099,638.3599853515625,13,AL,Chris Martin,455119,11847,11847
ATH,Athletics,4,4,1,63,,,,61,261,51,29,26,6,67,30,,4,3.90977,1.33096,9.89211,4.42266,2.23669,0.863597,0.255166,0.114082,0.14108380675315857,,0.223754,0.290804,0.717657,3.85044,277.0000000000001,4.540983606557379,259,4.245901639344262,0.599911,0.379127,999.0,10,AL,Scott Barlow,605130,14993,14993
ATH,Athletics,4,4,9,42,,,,90,395,82,46,42,11,88,45,,4,4.22281,1.41033,8.80983,4.49733,1.9589,1.06492,0.22331,0.113997,0.109312504529953,,0.237098,0.288789,0.723345,4.34381,346.50000000000006,3.8500000000000005,336,3.7333333333333334,0.589685,0.687878,618.1699829101562,10,AL,Hogan Harris,663687,21520,21520
MIA,Marlins,4,5,12,37,,,,96,419,100,50,46,12,71,34,,4,4.34454,1.39323,6.66591,3.17621,2.0987,1.08898,0.169952,0.0809797,0.08897248655557632,,0.262207,0.295993,0.709678,4.39829,330.80000000000007,3.445833333333334,352,3.6666666666666665,0.58817,0.817322,999.0,20,NL,Tyler Phillips,663969,20629,20629
CHC,Cubs,5,3,3,48,,,,56,236,46,25,23,6,64,23,,4,3.65647,1.23135,10.2,3.72446,2.73864,0.931116,0.269318,0.0983401,0.17097768932580948,,0.21945,0.28694,0.726867,3.66183,268.0000000000001,4.785714285714287,249,4.446428571428571,0.576122,0.560176,91.05999755859375,17,NL,Daniel Palencia,694037,27914,27914
PIT,Pirates,3,3,0,61,,,,54,231,48,24,22,4,62,23,,6,3.63507,1.31023,10.3053,3.84242,2.68199,0.647764,0.267024,0.0995618,0.16746214777231216,,0.235342,0.319892,0.720328,3.38541,262.6,4.862962962962963,255,4.722222222222222,0.563613,0.506982,728.4099731445312,27,NL,Gregory Soto,642397,19677,19677
TOR,Blue Jays,4,3,1,57,,,,60,256,49,27,25,7,70,28,,3,3.70572,1.28305,10.5044,4.20441,2.49843,1.01486,0.273886,0.109623,0.16426296532154083,,0.217804,0.285122,0.742545,3.81317,277.5,4.625,256,4.266666666666667,0.54594,0.437767,999.0,14,AL,Braydon Fisher,680755,24609,24609
NYM,Mets,4,4,5,47,,,,68,292,64,35,32,10,75,25,,2,4.24613,1.29574,9.90377,3.24334,3.05357,1.27417,0.257589,0.0843567,0.1732325553894043,,0.240869,0.30053,0.713346,3.94082,282.80000000000007,4.158823529411766,279,4.102941176470588,0.539595,0.225232,733.510009765625,25,NL,Luke Weaver,596133,16918,16918
BOS,Red Sox,2,1,1,49,,,,39,167,36,16,15,3,38,15,,1,3.47213,1.30211,8.62734,3.50359,2.46243,0.668315,0.224309,0.0910924,0.13321613520383835,,0.236511,0.296661,0.736777,3.42541,186.10000000000005,4.7717948717948735,184,4.717948717948718,0.536904,0.528791,999.0,3,AL,Danny Coulombe,543056,13293,13293
ATL,Braves,4,2,0,63,,,,60,250,53,26,24,9,70,17,,0,3.54372,1.16534,10.4546,2.59726,4.02525,1.29863,0.280417,0.0696645,0.21075277775526047,,0.227497,0.287466,0.765421,3.55344,284.5,4.741666666666666,272,4.533333333333333,0.536816,0.593592,999.0,16,NL,Dylan Lee,669276,19996,19996
WSN,Nationals,7,11,29,29,,,,154,667,160,93,86,27,118,51,,7,5.01916,1.37081,6.91805,2.98769,2.31552,1.55566,0.177262,0.0765538,0.10070787370204926,,0.262313,0.286867,0.677373,4.97297,453.5000000000001,2.9448051948051956,481,3.1233766233766236,0.534813,0.4103,999.0,24,NL,Jake Irvin,663623,21504,21504
PHI,Phillies,4,5,8,41,,,,78,338,78,43,40,12,76,27,,3,4.53973,1.34295,8.66677,3.11115,2.78571,1.33335,0.223173,0.0801135,0.14305979758501053,,0.253616,0.300991,0.69982,4.2833,288.8,3.7025641025641027,296,3.7948717948717947,0.534178,0.31556,999.0,26,NL,Jonathan Bowlan,680742,24607,24607
NYY,Yankees,4,3,0,58,,,,70,296,59,34,32,7,79,29,,8,4.06715,1.2565,10.1102,3.73614,2.70606,0.871767,0.26537,0.0980651,0.16730496287345886,,0.226948,0.299346,0.682759,3.72512,325.5,4.65,306,4.371428571428571,0.533822,0.173818,999.0,9,AL,Jake Bird,656234,21267,21267
BOS,Red Sox,3,3,5,36,,,,59,259,61,31,29,7,48,21,,3,4.33259,1.38985,7.30482,3.25846,2.2418,1.02828,0.186283,0.0830952,0.10318787395954132,,0.260464,0.302485,0.704606,4.23019,215.9,3.659322033898305,228,3.864406779661017,0.530594,0.330202,999.0,3,AL,Ryan Watson,670245,27853,27853
ATL,Braves,5,3,0,56,,,,55,227,48,24,22,6,54,16,,2,3.59719,1.177,8.89192,2.71254,3.27807,0.957369,0.238168,0.0726547,0.16551285237073898,,0.22973,0.283109,0.722278,3.55257,262.4,4.7709090909090905,251,4.5636363636363635,0.529221,0.52715,214.39999389648438,16,NL,Robert Suarez,663158,30115,30115
ARI,Diamondbacks,6,5,11,34,,,,76,332,76,38,35,9,68,30,,4,4.17106,1.394,8.01046,3.59951,2.22543,1.02992,0.203956,0.091648,0.11230847239494324,,0.253805,0.302055,0.721554,4.1847,288.1,3.7907894736842107,297,3.9078947368421053,0.528447,0.79184,999.0,15,NL,Andrew Hoffmann,694851,29633,29633
ATL,Braves,4,7,14,26,,,,87,389,93,59,54,13,83,37,,9,5.59379,1.50102,8.57619,3.87583,2.21274,1.3073,0.212984,0.0962536,0.11673063039779663,,0.271454,0.325179,0.636098,4.7106,270.1000000000001,3.104597701149426,294,3.3793103448275863,0.528348,-0.494271,999.0,16,NL,Osvaldo Bido,674370,23150,23150
LAA,Angels,5,9,24,25,,,,123,543,132,78,72,16,78,48,,11,5.25811,1.46613,5.70459,3.48791,1.63553,1.19458,0.143147,0.087523,0.05562356114387512,,0.272748,0.296698,0.649135,5.01324,349.2000000000001,2.839024390243903,386,3.138211382113821,0.527041,-0.116553,999.0,1,AL,Jack Kochanowicz,686799,27688,27688
TBR,Rays,3,3,0,60,,,,58,244,51,28,26,8,64,20,,1,3.98344,1.22596,9.98353,3.15485,3.1645,1.20185,0.263997,0.0834245,0.18057257682085037,,0.228292,0.286238,0.716904,3.75427,263.20000000000005,4.537931034482759,251,4.327586206896552,0.517987,0.220161,999.0,12,AL,Bryan Baker,641329,19804,19804
CLE,Guardians,4,3,0,59,,,,54,231,45,24,22,4,57,24,,4,3.59196,1.27651,9.51621,3.96509,2.4,0.634414,0.248725,0.103635,0.14508956670761108,,0.223512,0.293031,0.715471,3.46997,263.40000000000003,4.877777777777778,248,4.592592592592593,0.514043,0.366286,999.0,5,AL,Tim Herrin,682120,25139,25139
CHW,White Sox,3,4,9,32,,,,75,333,73,42,39,9,66,37,,5,4.66111,1.45942,7.92985,4.45462,1.78014,1.04257,0.198908,0.111737,0.08717101067304611,,0.249194,0.295338,0.69107,4.55682,260.5,3.473333333333333,264,3.52,0.513333,0.166599,999.0,4,AL,Chris Murphy,669684,26214,26214
SFG,Giants,3,4,13,18,,,,69,304,74,39,35,8,53,24,,4,4.60606,1.41595,6.88609,3.14564,2.18909,1.0066,0.174614,0.0797653,0.09484822303056717,,0.268193,0.307992,0.682614,4.27519,241.80000000000004,3.504347826086957,263,3.8115942028985508,0.511616,0.293635,999.0,30,NL,Caleb Kilian,668873,26213,26213
ATH,Athletics,3,5,14,16,,,,65,287,63,39,36,7,54,32,,6,4.94921,1.46269,7.50813,4.40934,1.70278,0.943109,0.188258,0.110559,0.07769870012998581,,0.252562,0.298011,0.657273,4.56817,225.09999999999997,3.4630769230769225,228,3.5076923076923077,0.50915,0.189453,999.0,10,AL,Luis Medina,665622,21649,21649
PHI,Phillies,3,3,2,54,,,,59,250,58,29,27,8,54,15,,2,4.05626,1.22927,8.2067,2.34477,3.5,1.17239,0.217189,0.062054,0.15513509511947632,,0.248055,0.292843,0.70626,3.88416,244.40000000000003,4.142372881355933,248,4.203389830508475,0.507246,0.362405,999.0,26,NL,Tanner Banks,621383,16990,16990
ATL,Braves,4,4,9,26,,,,72,311,68,37,34,9,70,29,,4,4.19009,1.34309,8.68372,3.55692,2.44136,1.17466,0.223599,0.0915879,0.13201093673706055,,0.245168,0.294984,0.721361,4.24881,286.30000000000007,3.9763888888888896,284,3.9444444444444446,0.505412,0.6451,369.45001220703125,16,NL,Grant Holmes,656550,16944,16944
ATH,Athletics,3,3,1,51,,,,57,243,51,28,26,7,59,21,,4,4.05453,1.25862,9.25528,3.33797,2.77273,1.06208,0.242994,0.0876371,0.155356764793396,,0.234,0.290752,0.703254,3.92748,246.09999999999994,4.317543859649121,237,4.157894736842105,0.499807,0.272639,547.0499877929688,10,AL,Justin Sterner,686993,27694,27694
WSN,Nationals,6,11,25,25,,,,128,559,147,82,75,23,85,33,,4,5.28358,1.40679,5.98978,2.32902,2.57181,1.61668,0.152325,0.0592289,0.09309650212526321,,0.281371,0.299353,0.665346,5.00647,341.1000000000001,2.6648437500000006,400,3.125,0.49721,-0.0983681,999.0,24,NL,Miles Mikolas,571945,9803,9803
LAD,Dodgers,5,6,9,37,,,,79,343,76,46,43,12,76,34,,4,4.86469,1.39231,8.72511,3.84872,2.26702,1.32992,0.2221,0.0979702,0.12412978708744049,,0.248113,0.294824,0.678898,4.5479,277.4,3.5113924050632908,277,3.5063291139240507,0.496595,0.0365418,999.0,22,NL,Ben Casparius,676508,30085,30085
HOU,Astros,3,2,1,56,,,,55,228,45,25,23,8,63,20,,3,3.71356,1.17226,10.3828,3.25175,3.19298,1.25506,0.27804,0.0870783,0.19096120446920395,,0.217088,0.274924,0.740781,3.88152,248.60000000000002,4.5200000000000005,228,4.1454545454545455,0.491993,0.376586,999.0,21,AL,Steven Okert,595345,13580,13580
CHC,Cubs,3,3,0,54,,,,45,186,40,21,19,5,44,14,,0,3.83015,1.20679,8.93031,2.87616,3.10494,0.976475,0.237466,0.0764803,0.16098621487617493,,0.229911,0.28233,0.705484,3.51981,213.5,4.7444444444444445,206,4.5777777777777775,0.484396,0.242541,999.0,17,NL,Caleb Thielbar,573204,10078,10078
PIT,Pirates,4,5,14,17,,,,70,301,74,38,35,10,49,20,,3,4.49783,1.35129,6.3702,2.58896,2.46053,1.24906,0.164049,0.0666721,0.09737642109394073,,0.266889,0.294658,0.698427,4.51163,231.6,3.3085714285714283,249,3.557142857142857,0.481594,0.640265,999.0,27,NL,José Urquidy,664353,18413,18413
NYM,Mets,2,2,1,44,,,,38,156,32,17,16,3,37,13,,4,3.75911,1.17554,8.9223,3.01629,2.95804,0.696066,0.239059,0.0808168,0.15824268013238907,,0.226603,0.28904,0.676067,3.47262,184.10000000000002,4.844736842105264,174,4.578947368421052,0.472138,0.292913,999.0,25,NL,Brooks Raley,548384,10061,10061
BAL,Orioles,5,3,0,63,,,,59,249,56,26,24,6,53,18,,2,3.61051,1.26713,8.07666,2.81807,2.86603,0.889916,0.211845,0.0739159,0.13792913407087326,,0.245242,0.295505,0.736315,3.66399,263.20000000000005,4.461016949152543,263,4.4576271186440675,0.467076,0.416417,999.0,2,AL,Yennier Cano,666974,25911,25911
PHI,Phillies,5,5,8,45,,,,79,341,76,43,39,11,71,32,,3,4.50291,1.37072,8.17093,3.65727,2.23416,1.21909,0.209139,0.0936095,0.11552910506725311,,0.247413,0.290393,0.70011,4.4102,288.70000000000005,3.654430379746836,289,3.6582278481012658,0.465306,0.351682,745.9099731445312,26,NL,Brad Keller,641745,15734,15734
CHW,White Sox,4,5,1,59,,,,56,237,47,29,27,8,63,24,,2,4.33811,1.28797,10.2522,3.91577,2.61818,1.25305,0.267059,0.102002,0.16505734622478485,,0.224704,0.283509,0.699,4.0765,241.80000000000013,4.317857142857145,224,4.0,0.461051,0.0373818,717.510009765625,4,AL,Jordan Leasure,673929,29950,29950
ATL,Braves,4,3,0,57,,,,56,236,47,27,25,7,64,23,,2,3.99608,1.27394,10.3191,3.76795,2.73864,1.09899,0.269679,0.098472,0.1712070256471634,,0.225191,0.289865,0.717436,3.79009,259.1000000000001,4.626785714285716,242,4.321428571428571,0.458504,0.275434,999.0,16,NL,Tyler Kinley,641755,18297,18297
CIN,Reds,4,6,11,37,,,,77,341,70,46,43,11,83,41,,6,4.96915,1.44239,9.70876,4.8287,2.01064,1.24313,0.244103,0.121406,0.12269732356071472,,0.237925,0.296369,0.674334,4.60886,277.50000000000006,3.603896103896105,267,3.4675324675324677,0.454149,0.204914,999.0,18,NL,Connor Phillips,683175,27649,27649
SEA,Mariners,4,3,0,61,,,,51,210,43,22,20,6,58,15,,3,3.50459,1.14552,10.2998,2.71372,3.79545,1.01764,0.277644,0.0731518,0.20449257642030716,,0.224237,0.291628,0.73161,3.3904,253.8,4.976470588235294,239,4.686274509803922,0.452806,0.28412,999.0,11,AL,Gabe Speier,642100,17170,17170
STL,Cardinals,5,4,0,60,,,,57,241,49,24,22,5,57,22,,3,3.45755,1.25076,8.95342,3.50652,2.55336,0.762288,0.235574,0.0922606,0.14331386983394623,,0.227663,0.287251,0.735907,3.56787,271.9,4.770175438596491,259,4.543859649122807,0.452004,0.569365,479.0799865722656,28,NL,JoJo Romero,668941,19574,19574
SEA,Mariners,3,2,0,58,,,,64,269,55,28,26,7,65,23,,3,3.66976,1.22087,9.07523,3.25339,2.78947,0.941769,0.240471,0.0862065,0.15426427125930786,,0.226933,0.282257,0.723829,3.69775,296.5,4.6328125,281,4.390625,0.448629,0.313142,999.0,11,AL,Eduard Bazardo,660825,20997,20997
SDP,Padres,4,3,0,49,,,,55,235,48,27,25,5,53,23,,5,4.00834,1.28429,8.71369,3.78981,2.29924,0.789543,0.227493,0.0989427,0.12855049967765808,,0.230366,0.288154,0.688945,3.86566,242.7,4.412727272727272,232,4.218181818181818,0.430058,0.101175,999.0,29,NL,Bradgley Rodriguez,699134,29107,29107
MIN,Twins,4,4,2,48,,,,64,277,61,30,28,6,61,27,,5,3.9595,1.37815,8.68862,3.7966,2.28852,0.82156,0.221905,0.0969643,0.12494087219238281,,0.248222,0.309385,0.719756,3.88478,267.20000000000005,4.175000000000001,268,4.1875,0.425838,0.445715,748.510009765625,8,AL,Kody Funderburk,681892,24993,24993
ARI,Diamondbacks,4,3,0,47,,,,46,197,42,21,19,4,46,17,,2,3.71712,1.29317,9.06851,3.40069,2.66667,0.755709,0.236184,0.0885691,0.1476152166724205,,0.237968,0.301781,0.718127,3.47101,217.00000000000006,4.717391304347827,213,4.630434782608695,0.425312,0.357148,556.52001953125,15,NL,Kevin Ginkel,656464,19876,19876
TOR,Blue Jays,4,3,0,62,,,,60,252,51,28,26,7,66,23,,4,3.86791,1.25093,9.89189,3.50531,2.82197,1.02238,0.260036,0.0921469,0.16788889467716217,,0.22836,0.292171,0.717828,3.77689,276.29999999999995,4.6049999999999995,260,4.333333333333333,0.41713,0.284065,999.0,14,AL,Mason Fluharty,689254,31553,31553
KCR,Royals,5,5,0,55,,,,54,234,49,25,23,4,51,23,,5,3.8499,1.3314,8.4452,3.80034,2.22222,0.640671,0.2181,0.0981448,0.11995476484298706,,0.239805,0.301246,0.703425,3.71756,241.00000000000003,4.462962962962964,236,4.37037037037037,0.413725,0.368085,490.70001220703125,7,AL,Lucas Erceg,668674,19360,19360
MIN,Twins,2,2,1,46,,,,48,205,50,24,22,4,39,15,,4,4.17413,1.34454,7.45279,2.74489,2.71515,0.73197,0.192047,0.0707317,0.12131552398204803,,0.264815,0.317697,0.68289,3.6952,197.00000000000006,4.104166666666668,209,4.354166666666667,0.401261,0.142341,999.0,8,AL,Justin Topa,623437,15145,15145
NYM,Mets,3,3,2,49,,,,60,259,54,30,28,6,59,27,,4,4.19577,1.36038,8.86015,4.08522,2.16883,0.875404,0.227188,0.104752,0.12243685126304626,,0.237637,0.29611,0.697303,3.98696,254.79999999999998,4.246666666666666,247,4.116666666666666,0.390984,0.172514,999.0,25,NL,Huascar Brazobán,623211,6107,6107
ATH,Athletics,4,4,1,49,,,,48,207,44,24,22,6,53,19,,5,4.09323,1.31489,9.94867,3.6177,2.75,1.08531,0.257581,0.093666,0.1639154851436615,,0.240591,0.30848,0.715962,3.98292,201.00000000000003,4.187500000000001,196,4.083333333333333,0.389195,0.188836,727.989990234375,10,AL,Mark Leiter Jr.,643410,15551,15551
CLE,Guardians,3,2,3,54,,,,57,238,52,26,24,7,59,18,,4,3.76814,1.23284,9.3368,2.85792,3.26699,1.17924,0.246632,0.0754922,0.1711401641368866,,0.239544,0.295667,0.741136,3.91975,252.49999999999994,4.429824561403508,246,4.315789473684211,0.386814,0.446175,748.469970703125,5,AL,Shawn Armstrong,542888,12857,12857
HOU,Astros,5,7,13,28,,,,84,366,77,49,45,11,80,40,,11,4.85111,1.39414,8.59072,4.29536,2.0,1.13233,0.218613,0.109306,0.10930626094341278,,0.244385,0.296119,0.663593,4.70521,293.1,3.4892857142857148,284,3.380952380952381,0.382393,0.0794685,999.0,21,AL,Kai-Wei Teng,678906,24282,24282
ATL,Braves,3,2,1,42,,,,47,202,45,22,20,4,49,18,,5,3.81529,1.34367,9.48497,3.53362,2.68421,0.743919,0.244025,0.0909111,0.1531134843826294,,0.248782,0.323269,0.718994,3.58975,210.60000000000002,4.480851063829788,212,4.51063829787234,0.38119,0.349525,999.0,16,NL,Aaron Bummer,607481,16258,16258
SFG,Giants,2,2,2,50,,,,51,221,52,24,22,5,42,17,,1,3.8964,1.35148,7.44881,3.01979,2.46667,0.851735,0.191634,0.0776895,0.1139446571469307,,0.256267,0.30285,0.722649,3.77351,210.70000000000005,4.131372549019609,220,4.313725490196078,0.377785,0.326623,999.0,30,NL,Matt Gage,657424,17381,17381
TBR,Rays,4,4,1,55,,,,58,237,52,27,25,7,51,14,,7,3.85634,1.14583,7.97323,2.11703,3.76623,1.05852,0.215376,0.057186,0.1581898294389248,,0.242149,0.28763,0.693139,3.95079,246.90000000000003,4.256896551724139,238,4.103448275862069,0.369516,0.372137,999.0,12,AL,Kevin Kelly,687330,25679,25679
TOR,Blue Jays,3,2,1,44,,,,49,210,48,23,21,6,49,15,,3,3.81549,1.2928,8.94042,2.83516,3.15341,1.06319,0.232895,0.0738551,0.15904031693935394,,0.251276,0.309254,0.737963,3.80634,208.0,4.244897959183674,211,4.3061224489795915,0.367426,0.269151,999.0,14,AL,Tommy Nance,667297,19178,19178
SEA,Mariners,4,5,12,29,,,,82,356,82,44,41,10,65,32,,5,4.50825,1.38964,7.15566,3.48658,2.05234,1.05654,0.182512,0.0889288,0.09358345717191696,,0.256316,0.295174,0.689768,4.40939,289.6000000000001,3.5317073170731716,299,3.6463414634146343,0.356634,0.153346,999.0,11,AL,Cole Wilcox,677961,27481,27481
WSN,Nationals,3,6,15,20,,,,75,335,74,47,43,10,72,37,,6,5.10863,1.47231,8.59932,4.44141,1.93617,1.23897,0.214946,0.111016,0.10393007844686508,,0.252616,0.302402,0.668441,4.72527,254.6,3.3946666666666667,260,3.466666666666667,0.356021,-0.0183565,999.0,24,NL,Ken Waldichuk,686610,27681,27681
COL,Rockies,3,4,3,40,,,,48,206,44,26,24,6,51,18,,7,4.47247,1.3031,9.53959,3.43754,2.77512,1.08554,0.247767,0.0892816,0.15848549455404282,,0.245289,0.310912,0.672651,4.15123,194.00000000000003,4.041666666666667,189,3.9375,0.354393,0.392491,999.0,19,NL,Jaden Hill,677955,30250,30250
SFG,Giants,4,3,4,54,,,,50,220,43,22,20,4,52,28,,2,3.63522,1.42237,9.37763,5.0141,1.87025,0.698166,0.236929,0.126683,0.11024600267410278,,0.227585,0.293652,0.748485,3.84741,223.0,4.46,212,4.24,0.353475,0.537054,999.0,30,NL,Erik Miller,669062,26252,26252
LAA,Angels,3,4,8,34,,,,72,322,79,41,38,10,55,29,,2,4.72242,1.48993,6.82661,3.62862,1.88132,1.20344,0.170214,0.0904757,0.0797383040189743,,0.269895,0.304062,0.705894,4.64542,221.40000000000006,3.075000000000001,247,3.4305555555555554,0.351926,0.0882568,999.0,1,AL,Joey Lucchesi,664192,19320,19320
MIN,Twins,3,3,0,49,,,,61,265,56,30,28,7,62,29,,3,4.15652,1.39214,9.18854,4.26797,2.15291,1.005,0.233811,0.108603,0.12520869076251984,,0.238764,0.297307,0.720293,4.11113,247.70000000000007,4.060655737704919,242,3.9672131147540983,0.348125,0.171179,999.0,8,AL,Eric Orze,679358,27626,27626
CIN,Reds,3,3,0,57,,,,56,234,49,29,27,9,59,18,,1,4.32988,1.19227,9.37912,2.90541,3.22816,1.50912,0.250175,0.0774979,0.1726774051785469,,0.227277,0.268291,0.699035,4.25091,237.3000000000001,4.237500000000002,224,4.0,0.347824,0.196973,111.94000244140625,18,NL,Emilio Pagán,641941,14771,14771
MIA,Marlins,3,2,0,42,,,,41,175,35,18,17,5,52,17,,2,3.6503,1.26456,11.33,3.81522,2.9697,1.05978,0.296492,0.0998391,0.19665279984474182,,0.222691,0.301419,0.749022,3.56119,197.90000000000003,4.826829268292684,187,4.560975609756097,0.339981,0.397707,999.0,20,NL,Andrew Nardi,677053,25942,25942
COL,Rockies,4,10,18,23,,,,102,465,128,69,63,15,60,37,,5,5.60496,1.61588,5.33672,3.23792,1.64819,1.37319,0.129536,0.0785925,0.05094310641288757,,0.30121,0.322231,0.669593,5.15505,231.50000000000006,2.2696078431372553,309,3.0294117647058822,0.333695,0.302521,999.0,19,NL,Antonio Senzatela,622608,15488,15488
HOU,Astros,4,3,0,59,,,,59,246,53,27,25,8,60,17,,5,3.72241,1.1702,9.09108,2.57295,3.53333,1.16113,0.243861,0.0690172,0.17484349757432938,,0.234944,0.287755,0.728222,3.92681,254.40000000000003,4.311864406779661,245,4.1525423728813555,0.331594,0.335824,748.469970703125,21,AL,Bryan King,687911,25890,25890
TEX,Rangers,4,4,3,52,,,,60,258,56,31,29,7,54,24,,3,4.28658,1.33329,8.15332,3.6281,2.24727,1.01587,0.210523,0.0936792,0.1168435588479042,,0.241495,0.288499,0.69396,4.14514,239.29999999999998,3.988333333333333,236,3.933333333333333,0.32452,0.0869801,999.0,13,AL,Jalen Beeks,656222,17192,17192
DET,Tigers,3,5,12,26,,,,76,339,86,49,45,11,65,27,,8,5.35595,1.48327,7.63262,3.16252,2.41347,1.33913,0.190467,0.0789184,0.11154843866825104,,0.283011,0.327417,0.656033,4.73282,228.49999999999997,3.006578947368421,262,3.4473684210526314,0.321784,-0.349633,999.0,6,AL,Connor Seabold,657756,19695,19695
CIN,Reds,3,3,0,68,,,,63,275,55,34,31,8,68,31,,5,4.42567,1.35806,9.69649,4.38027,2.21368,1.09819,0.248584,0.112295,0.13628941774368286,,0.231062,0.291378,0.693681,4.25551,252.80000000000007,4.0126984126984135,239,3.7936507936507935,0.315593,0.0883162,718.1199951171875,18,NL,Tony Santillan,663574,19926,19926
COL,Rockies,2,2,0,49,,,,64,277,65,35,33,10,61,20,,5,4.5421,1.31915,8.54141,2.83894,3.00866,1.35188,0.221201,0.0735215,0.14767959713935852,,0.257369,0.304754,0.694936,4.36138,228.60000000000002,3.5718750000000004,237,3.703125,0.311461,0.308799,999.0,19,NL,Jimmy Herget,623474,17556,17556
STL,Cardinals,3,3,1,48,,,,70,299,65,33,30,8,64,24,,6,3.8608,1.26589,8.16053,3.05739,2.66912,0.989155,0.214092,0.0802107,0.13388101756572723,,0.242896,0.291897,0.71906,4.01688,288.6,4.122857142857143,284,4.057142857142857,0.311249,0.39764,528.7999877929688,28,NL,Matt Svanson,694335,29629,29629
TOR,Blue Jays,4,3,0,68,,,,64,270,63,29,27,7,45,15,,3,3.75346,1.21965,6.2788,2.1257,2.95376,0.94612,0.166845,0.0564858,0.11035948246717453,,0.252161,0.283575,0.714547,3.95019,259.7,4.0578125,265,4.140625,0.310598,0.393483,743.280029296875,14,AL,Tyler Rogers,643511,15541,15541
NYM,Mets,2,2,1,52,,,,49,213,49,24,22,4,42,19,,3,4.11862,1.39242,7.747,3.51694,2.20276,0.713113,0.197366,0.0895992,0.10776674747467041,,0.256101,0.310458,0.698406,3.79423,204.00000000000003,4.163265306122449,211,4.3061224489795915,0.306369,0.151193,999.0,25,NL,Luis García,472610,6984,6984
CIN,Reds,3,4,1,60,,,,59,255,59,32,29,8,53,20,,2,4.45483,1.34463,8.12634,3.06249,2.65351,1.18201,0.209275,0.0788672,0.1304076537489891,,0.254818,0.300297,0.694894,4.15597,224.80000000000004,3.8101694915254245,231,3.9152542372881354,0.300079,0.113445,999.0,18,NL,Brock Burke,656271,17968,17968
ARI,Diamondbacks,2,1,1,36,,,,39,166,38,16,15,4,33,11,,2,3.42525,1.24771,7.63202,2.43661,3.13223,0.88604,0.201194,0.0642333,0.13696026057004929,,0.250835,0.297962,0.751461,3.67884,167.60000000000002,4.297435897435898,170,4.358974358974359,0.295821,0.53561,999.0,15,NL,Jonathan Loáisiga,642528,19753,19753
LAA,Angels,3,3,0,45,,,,41,172,37,21,20,6,45,14,,3,4.36832,1.27137,10.0292,3.13051,3.2037,1.27539,0.262333,0.0818844,0.1804489642381668,,0.241183,0.303844,0.693208,4.00472,172.40000000000003,4.204878048780489,166,4.048780487804878,0.291451,0.0382746,688.9600219726562,1,AL,Jordan Romano,605447,16122,16122
CHW,White Sox,4,5,0,61,,,,55,239,48,29,26,7,61,27,,2,4.26927,1.35351,9.93073,4.37067,2.27213,1.21806,0.254807,0.112144,0.1426624208688736,,0.227806,0.284927,0.719823,4.2497,231.09999999999997,4.201818181818181,219,3.981818181818182,0.290846,-0.0601062,194.19000244140625,4,AL,Seranthony Domínguez,622554,19249,19249
WSN,Nationals,4,4,2,52,,,,58,254,55,30,27,7,59,26,,4,4.21917,1.38416,9.0923,3.96087,2.29553,1.04806,0.231809,0.100983,0.13082654029130936,,0.245117,0.303736,0.716222,4.14842,228.10000000000002,3.9327586206896554,227,3.913793103448276,0.288103,0.16072,999.0,24,NL,PJ Poulin,676571,23394,23394
BAL,Orioles,4,4,0,42,,,,53,231,50,27,25,6,54,24,,3,4.21225,1.42066,9.19818,4.14672,2.21818,0.995213,0.232522,0.104826,0.12769654393196106,,0.247443,0.309216,0.720413,4.07673,215.40000000000003,4.064150943396227,214,4.037735849056604,0.287733,-0.00849741,999.0,2,AL,Grant Wolfram,664991,21623,21623
CIN,Reds,3,4,0,55,,,,48,209,48,26,24,7,51,18,,1,4.5411,1.38365,9.62109,3.44907,2.78947,1.27071,0.245206,0.0879042,0.15730220079421997,,0.252873,0.3129,0.704233,4.04279,189.3,3.94375,194,4.041666666666667,0.285519,0.0580707,999.0,18,NL,Pierce Johnson,572955,13435,13435
BAL,Orioles,4,4,0,49,,,,52,218,44,25,23,6,58,20,,5,3.94369,1.24145,10.161,3.5456,2.8658,1.01303,0.26765,0.0933945,0.1742555946111679,,0.227184,0.295289,0.705953,3.80367,237.6,4.569230769230769,223,4.288461538461538,0.285487,0.147649,999.0,2,AL,Anthony Nunez,689296,25796,25796
BOS,Red Sox,4,4,1,37,,,,42,180,39,21,19,5,41,17,,1,4.10738,1.32823,8.79256,3.6383,2.41667,1.04222,0.227169,0.0940011,0.1331682875752449,,0.23856,0.29067,0.713631,3.96891,175.9,4.188095238095238,173,4.119047619047619,0.283894,0.204684,999.0,3,AL,Justin Slaten,686580,25648,25648
KCR,Royals,3,3,1,42,,,,39,170,32,18,17,3,44,22,,3,3.89325,1.39311,10.2636,5.16239,1.98814,0.673355,0.260863,0.13121,0.12965364754199982,,0.220108,0.296927,0.716341,3.77222,181.50000000000006,4.653846153846155,169,4.333333333333333,0.276539,0.313804,999.0,7,AL,Alex Lange,656638,19883,19883
KCR,Royals,3,3,0,61,,,,55,233,51,28,26,7,51,19,,3,4.24017,1.29152,8.42455,3.19552,2.63636,1.07486,0.219625,0.0833061,0.13631904870271683,,0.242998,0.291975,0.693237,4.04053,224.29999999999998,4.078181818181818,220,4.0,0.272802,0.119592,999.0,7,AL,John Schreiber,670167,20020,20020
PIT,Pirates,4,4,1,51,,,,59,257,53,28,26,7,58,29,,3,3.97659,1.37864,8.87448,4.3434,2.04321,1.03223,0.226589,0.110899,0.11569061875343323,,0.234566,0.287341,0.737539,4.24929,232.7,3.9440677966101694,224,3.7966101694915255,0.2674,0.429089,999.0,27,NL,Isaac Mattson,676755,20385,20385
LAD,Dodgers,3,3,4,39,,,,45,196,41,26,24,6,48,22,,4,4.76775,1.40973,9.71543,4.49361,2.16206,1.17225,0.246105,0.113829,0.13227570056915283,,0.239578,0.301181,0.679427,4.42776,170.6,3.791111111111111,165,3.6666666666666665,0.261974,-0.0745658,999.0,22,NL,Edgardo Henriquez,683618,26944,26944
LAA,Angels,2,3,4,53,,,,47,203,45,25,23,7,47,17,,5,4.43256,1.3074,8.91704,3.17639,2.80729,1.27386,0.231492,0.0824608,0.14903078228235245,,0.250433,0.303451,0.69603,4.39981,172.70000000000005,3.674468085106384,172,3.6595744680851063,0.256361,0.0857541,735.6199951171875,1,AL,Drew Pomeranz,519141,11426,11426
MIN,Twins,3,3,3,56,,,,54,240,52,29,27,6,53,26,,4,4.42534,1.43676,8.71297,4.27648,2.03742,0.960027,0.219537,0.107753,0.11178453266620636,,0.248581,0.306034,0.700856,4.20991,206.60000000000002,3.8259259259259264,208,3.8518518518518516,0.251103,0.0208123,999.0,8,AL,Anthony Banda,607455,14706,14706
SEA,Mariners,5,5,3,45,,,,57,245,53,29,27,7,56,23,,4,4.21439,1.33924,8.82772,3.60005,2.45211,1.06208,0.227483,0.0927704,0.13471254706382751,,0.244023,0.298618,0.707186,4.09607,228.89999999999992,4.015789473684209,225,3.9473684210526314,0.251089,-0.0189387,999.0,11,AL,Casey Legumina,668984,25921,25921
STL,Cardinals,4,4,0,55,,,,48,213,44,25,23,5,50,25,,1,4.19699,1.42395,9.21104,4.71187,1.95486,0.899836,0.232669,0.119021,0.11364835500717163,,0.233556,0.293006,0.71424,4.01861,201.30000000000004,4.1937500000000005,197,4.104166666666667,0.249939,-0.0199943,745.9000244140625,28,NL,Ryne Stanek,592773,15947,15947
TEX,Rangers,3,5,6,37,,,,73,322,67,42,39,8,61,38,,4,4.75275,1.43416,7.5597,4.6138,1.6385,0.953085,0.190782,0.116437,0.07434498518705368,,0.240157,0.282096,0.668914,4.52866,263.6000000000001,3.61095890410959,257,3.5205479452054793,0.247062,-0.146612,999.0,13,AL,Cole Winn,668390,22113,22113
NYM,Mets,3,3,1,44,,,,47,200,45,23,22,5,45,16,,5,4.14423,1.29733,8.64899,3.06354,2.8232,0.930909,0.225121,0.0797394,0.14538121968507767,,0.250182,0.30918,0.691372,3.88927,196.3,4.176595744680851,197,4.191489361702128,0.246789,0.154162,999.0,25,NL,Richard Lovelady,663992,19337,19337
LAD,Dodgers,4,3,1,37,,,,32,137,30,16,15,4,34,13,,2,4.24463,1.35077,9.58837,3.58936,2.67133,1.10442,0.246254,0.0921841,0.15406997501850128,,0.246227,0.309641,0.710901,3.98018,132.60000000000002,4.143750000000001,131,4.09375,0.239554,0.122381,999.0,22,NL,Blake Treinen,595014,12572,12572
COL,Rockies,2,3,0,56,,,,63,275,58,35,32,8,67,29,,8,4.5241,1.37888,9.47746,4.13698,2.29091,1.1032,0.241843,0.105567,0.13627686351537704,,0.243692,0.306824,0.689564,4.36927,240.00000000000006,3.8095238095238106,234,3.7142857142857144,0.239125,0.254852,748.510009765625,19,NL,Juan Mejia,675848,23237,23237
CLE,Guardians,2,2,1,42,,,,43,190,33,20,19,5,55,27,,2,3.9151,1.40435,11.5538,5.67713,2.03514,0.997579,0.292568,0.143758,0.1488099843263626,,0.20835,0.285878,0.745703,4.03397,193.89999999999998,4.509302325581395,173,4.023255813953488,0.233455,0.245058,999.0,5,AL,Erik Sabrowski,681870,24978,24978
CIN,Reds,2,2,0,49,,,,42,180,37,24,22,5,41,19,,4,4.7352,1.36246,8.96099,4.19451,2.13636,1.04863,0.229642,0.107492,0.12215010076761246,,0.236967,0.292024,0.659175,4.31722,166.10000000000002,3.9547619047619054,158,3.761904761904762,0.230373,-0.0699238,999.0,18,NL,Sam Moll,594580,14874,14874
BAL,Orioles,1,1,1,43,,,,56,241,53,31,28,9,59,21,,0,4.49671,1.29761,9.3457,3.27451,2.85408,1.50374,0.243088,0.0851722,0.15791579335927963,,0.238945,0.283706,0.709348,4.32189,220.9000000000001,3.944642857142859,218,3.892857142857143,0.227234,-0.206136,999.0,2,AL,Yaramil Hiraldo,682274,25215,25215
DET,Tigers,4,4,1,52,,,,52,222,49,26,24,7,48,19,,0,4.13385,1.32032,8.33338,3.32416,2.50691,1.17954,0.215794,0.0860795,0.12971429526805878,,0.242505,0.286235,0.722236,4.09511,210.30000000000004,4.04423076923077,208,4.0,0.220462,0.135193,639.030029296875,6,AL,Kyle Finnegan,640448,15009,15009
NYY,Yankees,3,3,0,56,,,,52,222,56,26,24,5,30,13,,2,4.10591,1.31689,5.2319,2.18123,2.3986,0.838934,0.135965,0.0566852,0.07928000018000603,,0.26891,0.295458,0.692021,4.02322,192.70000000000002,3.705769230769231,210,4.038461538461538,0.220122,0.0515536,999.0,9,AL,Tim Hill,657612,16814,16814
TEX,Rangers,1,2,1,30,,,,40,175,36,23,21,4,36,21,,2,4.77995,1.42372,8.14737,4.74101,1.71849,0.87649,0.206002,0.119874,0.08612777292728424,,0.234457,0.283232,0.657485,4.29715,156.20000000000002,3.9050000000000002,151,3.775,0.217085,-0.218401,999.0,13,AL,Carter Baumler,691945,30231,30231
CHW,White Sox,2,4,5,38,,,,56,245,57,35,32,8,49,22,,2,5.17929,1.42791,7.99545,3.56304,2.244,1.36821,0.201993,0.0900147,0.11197825521230698,,0.260126,0.30065,0.660361,4.62686,193.80000000000013,3.460714285714288,202,3.607142857142857,0.213375,-0.373313,999.0,4,AL,Tyler Gilbert,656457,17964,17964
SFG,Giants,4,3,1,57,,,,67,284,60,31,29,7,60,26,,4,3.841,1.28386,8.00911,3.51879,2.27609,0.876737,0.209251,0.0919344,0.11731702834367752,,0.23473,0.282426,0.714586,3.96843,283.69999999999993,4.234328358208955,274,4.08955223880597,0.206754,0.423972,999.0,30,NL,José Buttó,676130,23313,23313
LAA,Angels,3,4,5,36,,,,48,213,45,26,24,5,46,26,,4,4.57997,1.49742,8.63556,4.8781,1.77027,0.906404,0.214621,0.121237,0.09338491410017014,,0.248281,0.306576,0.696157,4.39312,178.70000000000005,3.7229166666666678,177,3.6875,0.205818,0.115459,999.0,1,AL,Sam Bachman,696147,29754,29754
MIA,Marlins,2,2,0,50,,,,52,226,57,25,23,5,35,15,,1,3.9298,1.4022,6.14549,2.69727,2.27841,0.842898,0.15643,0.0686576,0.08777248859405518,,0.272446,0.308498,0.729761,3.94227,197.10000000000002,3.7903846153846157,217,4.173076923076923,0.204502,0.284998,999.0,20,NL,John King,667463,22051,22051
TOR,Blue Jays,4,3,0,65,,,,61,267,52,29,27,7,69,35,,3,3.97879,1.42642,10.2626,5.13128,2.0,0.966196,0.258848,0.129424,0.1294238418340683,,0.226097,0.2949,0.741222,4.10423,254.10000000000008,4.165573770491805,238,3.901639344262295,0.201712,0.233196,748.52001953125,14,AL,Brendon Little,663893,21574,21574
CLE,Guardians,3,3,6,41,,,,63,273,57,32,30,9,66,28,,5,4.24704,1.34341,9.45333,3.92543,2.40823,1.2298,0.243232,0.101001,0.14223174005746841,,0.239048,0.29545,0.720837,4.38012,240.30000000000007,3.8142857142857154,231,3.6666666666666665,0.201352,0.299323,999.0,5,AL,Peyton Pallette,688883,31865,31865
COL,Rockies,2,3,3,51,,,,46,205,45,25,23,5,43,22,,5,4.45159,1.45348,8.29263,4.33478,1.91304,0.942344,0.208225,0.108845,0.09938004612922668,,0.25317,0.308305,0.700784,4.41254,166.90000000000003,3.628260869565218,170,3.6956521739130435,0.196846,0.345387,999.0,19,NL,Brennan Bernardino,657514,16835,16835
MIA,Marlins,4,3,0,48,,,,45,190,40,20,19,5,43,16,,3,3.76027,1.27041,8.7109,3.31085,2.63102,0.973779,0.228172,0.0867238,0.14144796878099442,,0.236943,0.290646,0.729509,3.90432,196.5,4.366666666666666,189,4.2,0.196449,0.411721,999.0,20,NL,Anthony Bender,669622,19742,19742
ATL,Braves,3,2,0,53,,,,51,215,48,24,22,6,46,16,,2,3.9055,1.27317,8.24314,2.87261,2.86957,1.03039,0.215868,0.0752269,0.14064153283834457,,0.245524,0.294032,0.720192,3.8637,216.8,4.250980392156863,215,4.215686274509804,0.195208,0.31074,999.0,16,NL,Joel Payamps,606303,14332,14332
TBR,Rays,2,3,1,39,,,,44,190,43,23,21,6,39,15,,1,4.29936,1.32571,7.98154,3.10294,2.57225,1.18378,0.206486,0.0802744,0.1262117326259613,,0.249716,0.291908,0.706452,4.17144,170.0,3.8636363636363638,172,3.909090909090909,0.193564,0.0382319,999.0,12,AL,Cole Sulser,642121,15256,15256
STL,Cardinals,2,2,0,51,,,,55,240,49,26,24,5,59,26,,6,3.89209,1.34912,9.49457,4.24043,2.23906,0.785266,0.243959,0.108956,0.13500288873910904,,0.234221,0.303392,0.71645,3.88709,240.1,4.365454545454545,232,4.218181818181818,0.192088,0.25199,264.0400085449219,28,NL,Riley O'Brien,676617,20348,20348
MIA,Marlins,4,4,1,56,,,,53,232,51,26,24,6,53,24,,2,4.05085,1.41852,9.03954,4.12936,2.18909,0.991046,0.228655,0.104452,0.12420319765806198,,0.246263,0.305325,0.734988,4.04443,213.80000000000004,4.0339622641509445,215,4.056603773584905,0.190911,0.28232,999.0,20,NL,Calvin Faucher,676534,20116,20116
ARI,Diamondbacks,2,2,1,39,,,,36,151,33,17,16,5,35,12,,2,3.96547,1.23173,8.75436,2.91812,3.0,1.21588,0.231431,0.0771437,0.15428730100393295,,0.23727,0.28429,0.722055,4.08082,147.10000000000002,4.086111111111112,143,3.9722222222222223,0.187396,0.264053,389.9100036621094,15,NL,Paul Sewald,623149,13892,13892
CLE,Guardians,3,4,0,52,,,,53,225,48,28,25,7,53,19,,4,4.31837,1.27123,9.05599,3.25011,2.78636,1.13754,0.237091,0.0850899,0.15200144052505493,,0.238831,0.292642,0.685097,4.06585,218.3,4.118867924528302,211,3.981132075471698,0.185928,-0.105189,999.0,5,AL,Matt Festa,670036,19330,19330
DET,Tigers,3,3,0,51,,,,47,196,41,23,21,7,47,16,,1,4.12655,1.23393,8.99344,3.17316,2.83422,1.30659,0.237574,0.0838233,0.15375079214572906,,0.22995,0.273838,0.713659,4.14384,198.10000000000005,4.214893617021278,187,3.978723404255319,0.181574,0.131758,133.02000427246094,6,AL,Kenley Jansen,445276,3096,3096
LAA,Angels,4,9,24,25,,,,114,519,120,74,68,15,85,60,,8,5.35779,1.56976,6.67291,4.69092,1.42251,1.20702,0.163448,0.114901,0.048547305166721344,,0.265593,0.297628,0.667642,5.16055,313.1,2.7464912280701754,341,2.991228070175439,0.181242,-0.271566,999.0,1,AL,Walbert Urena,700712,29357,29357
ATH,Athletics,3,3,0,54,,,,61,264,54,30,28,8,64,29,,4,4.13998,1.3615,9.51697,4.21819,2.25617,1.14568,0.243825,0.10807,0.1357550397515297,,0.23467,0.292202,0.72806,4.27214,241.6000000000001,3.96065573770492,230,3.7704918032786887,0.17178,0.232783,748.52001953125,10,AL,Elvis Alvarado,665660,21662,21662
ARI,Diamondbacks,2,2,5,32,,,,54,240,57,28,26,6,41,21,,3,4.25949,1.44577,6.72204,3.52107,1.90909,0.960292,0.169315,0.0886888,0.08062618970870972,,0.265849,0.304469,0.718408,4.36218,187.60000000000002,3.4740740740740743,202,3.740740740740741,0.16792,0.340712,999.0,15,NL,Joe Ross,605452,12972,12972
SDP,Padres,2,2,1,48,,,,58,246,51,29,26,7,59,24,,5,4.12463,1.30284,9.18609,3.69919,2.48327,1.05888,0.238675,0.0961132,0.14256203174591064,,0.235847,0.292909,0.707037,4.10845,241.50000000000003,4.163793103448277,230,3.9655172413793105,0.161233,0.106852,999.0,29,NL,David Morgan,688158,31616,31616
CHW,White Sox,2,3,1,43,,,,50,222,49,30,27,7,48,23,,2,4.93856,1.4558,8.69606,4.21655,2.06236,1.17302,0.218164,0.105783,0.11238040775060654,,0.251753,0.303335,0.674889,4.41869,177.49999999999997,3.5499999999999994,180,3.6,0.160247,-0.371509,999.0,4,AL,Bryan Hudson,663542,19924,19924
WSN,Nationals,2,3,2,41,,,,51,226,51,28,26,6,51,23,,4,4.52637,1.44552,8.991,4.09246,2.19697,1.02311,0.226036,0.102885,0.12315040081739426,,0.254759,0.315911,0.698754,4.20648,192.00000000000003,3.7647058823529416,198,3.8823529411764706,0.160108,-0.00354369,999.0,24,NL,Gus Varland,681402,24737,24737
ARI,Diamondbacks,4,2,0,49,,,,45,188,44,19,18,5,36,12,,2,3.60844,1.24507,7.15555,2.33795,3.06061,0.974147,0.188833,0.0616981,0.12713536247611046,,0.252169,0.291964,0.740048,3.86132,187.1,4.157777777777778,190,4.222222222222222,0.159984,0.506243,748.4299926757812,15,NL,Ryan Thompson,657044,16647,16647
PHI,Phillies,2,1,1,42,,,,37,161,38,19,17,5,33,12,,1,4.13766,1.35892,8.06497,2.97914,2.70714,1.17038,0.207014,0.0764694,0.13054422289133072,,0.258806,0.304818,0.730079,4.10454,140.5,3.7972972972972974,147,3.972972972972973,0.155154,0.126266,999.0,26,NL,Tim Mayza,641835,15042,15042
CHC,Cubs,4,3,0,59,,,,56,232,45,26,24,6,58,22,,7,3.86113,1.19802,9.30985,3.55881,2.616,0.939526,0.247998,0.0948005,0.15319762378931046,,0.220419,0.279012,0.695618,4.01298,252.60000000000008,4.510714285714287,231,4.125,0.144185,0.315748,743.3800048828125,17,NL,Phil Maton,664208,18064,18064
SDP,Padres,3,3,1,59,,,,57,246,51,27,25,5,47,25,,4,3.93766,1.33954,7.4769,3.96734,1.88462,0.762949,0.19289,0.10235,0.09054027497768402,,0.236612,0.282352,0.707681,4.10154,234.69999999999996,4.117543859649122,227,3.982456140350877,0.138871,0.253879,999.0,29,NL,Wandy Peralta,593974,14295,14295
MIN,Twins,3,3,0,51,,,,44,194,42,24,22,6,48,20,,4,4.41213,1.40036,9.76472,4.12367,2.36797,1.17819,0.247877,0.10468,0.1431979164481163,,0.245896,0.310151,0.712763,4.30341,166.60000000000002,3.786363636363637,166,3.772727272727273,0.13063,-0.11791,415.510009765625,8,AL,Taylor Rogers,573124,13449,13449
LAA,Angels,1,2,3,41,,,,55,241,59,30,28,8,44,18,,2,4.47228,1.38617,7.06722,2.9117,2.42718,1.24383,0.180415,0.0743312,0.10608427226543427,,0.266037,0.301033,0.709357,4.43551,183.20000000000002,3.330909090909091,199,3.618181818181818,0.129574,0.021343,999.0,1,AL,Brent Suter,608718,13942,13942
MIL,Brewers,4,3,0,56,,,,63,267,56,31,29,9,67,25,,4,4.13789,1.2922,9.5822,3.57752,2.67845,1.2515,0.249506,0.0931532,0.15635249763727188,,0.23496,0.29017,0.722041,4.1914,256.9000000000001,4.077777777777779,245,3.888888888888889,0.12088,0.207369,999.0,23,NL,Grant Anderson,681982,20546,20546
CHC,Cubs,2,2,0,59,,,,55,235,55,28,26,7,46,15,,4,4.25562,1.27822,7.4053,2.52095,2.9375,1.05995,0.19384,0.0659882,0.1278521791100502,,0.255965,0.29753,0.686455,4.05662,212.89999999999998,3.8709090909090906,219,3.981818181818182,0.120374,0.0546057,999.0,17,NL,Hoby Milner,571948,13346,13346
LAD,Dodgers,4,4,0,49,,,,56,249,50,31,29,6,59,32,,3,4.6149,1.46614,9.41798,5.14094,1.83196,0.934717,0.235574,0.128592,0.10698248445987701,,0.234336,0.296428,0.688087,4.26183,223.60000000000008,3.992857142857144,215,3.8392857142857144,0.111787,-0.159433,999.0,22,NL,Will Klein,694361,27787,27787
STL,Cardinals,2,3,2,45,,,,68,293,64,38,35,9,64,26,,6,4.55587,1.32469,8.42634,3.44714,2.44444,1.14905,0.217959,0.0891651,0.12879403680562973,,0.246033,0.294554,0.675828,4.32674,258.1,3.795588235294118,255,3.75,0.109832,-0.165461,999.0,28,NL,George Soriano,666277,21863,21863
TOR,Blue Jays,2,2,4,17,,,,22,97,21,12,11,4,24,9,,0,4.44271,1.35394,9.60028,3.77658,2.54206,1.55299,0.246375,0.0969195,0.14945534616708755,,0.23896,0.285232,0.734814,4.5038,80.00000000000003,3.6363636363636376,79,3.590909090909091,0.10395,0.057909,999.0,14,AL,Spencer Miles,693686,31621,31621
WSN,Nationals,3,4,0,42,,,,56,246,54,31,29,8,55,26,,2,4.6378,1.41538,8.85327,4.1513,2.13265,1.24256,0.224142,0.1051,0.11904183030128479,,0.245091,0.294481,0.699833,4.44987,201.6000000000001,3.600000000000002,202,3.607142857142857,0.0974031,-0.143792,999.0,24,NL,Andre Granillo,701552,29542,29542
BAL,Orioles,2,2,2,44,,,,51,225,48,28,25,8,55,24,,1,4.47016,1.40805,9.63502,4.2462,2.26909,1.35878,0.244179,0.107611,0.13656816631555557,,0.240457,0.29388,0.725486,4.42873,189.2,3.709803921568627,186,3.6470588235294117,0.092299,-0.120117,999.0,2,AL,Rico Garcia,670329,20023,20023
WSN,Nationals,2,2,0,46,,,,46,208,45,26,24,4,41,24,,3,4.5866,1.49895,7.90978,4.68791,1.68727,0.698925,0.196638,0.116542,0.08009600639343262,,0.251685,0.307354,0.679752,4.13712,175.20000000000005,3.808695652173914,179,3.891304347826087,0.0866397,-0.172398,999.0,24,NL,Cionel Pérez,672335,19614,19614
PHI,Phillies,4,5,0,50,,,,49,214,47,27,25,7,50,20,,4,4.59279,1.35785,9.12085,3.65475,2.49561,1.18619,0.233957,0.0937474,0.14020986109972,,0.247389,0.303465,0.684516,4.27502,182.3,3.7204081632653065,182,3.7142857142857144,0.0822652,-0.0694102,999.0,26,NL,Kyle Backhus,679775,29615,29615
MIA,Marlins,1,1,1,42,,,,47,204,46,24,23,7,45,18,,3,4.3235,1.37882,8.6341,3.53136,2.44498,1.30103,0.220489,0.0901802,0.13030827790498734,,0.253152,0.301454,0.728179,4.45869,169.10000000000005,3.597872340425533,171,3.6382978723404253,0.0752297,0.167488,999.0,20,NL,Michael Petersen,656848,20827,20827
CLE,Guardians,3,4,1,50,,,,58,253,56,31,28,9,62,24,,3,4.37069,1.36898,9.64473,3.69916,2.60727,1.43931,0.246642,0.0945975,0.15204405039548874,,0.246607,0.300804,0.734546,4.45189,215.90000000000006,3.7224137931034496,216,3.7241379310344827,0.0735496,-0.0984912,999.0,5,AL,Connor Brogdon,641401,21205,21205
CLE,Guardians,2,3,1,44,,,,47,203,44,24,22,5,46,21,,4,4.27859,1.37962,8.90409,3.96484,2.24576,1.05841,0.227288,0.101207,0.12608039379119873,,0.24518,0.301658,0.710202,4.25328,188.9,4.019148936170213,187,3.978723404255319,0.0725035,0.0420459,999.0,5,AL,Colin Holderman,670059,22361,22361
KCR,Royals,4,5,0,58,,,,56,237,50,30,27,7,46,22,,2,4.41177,1.29667,7.51543,3.51574,2.13765,1.20987,0.195845,0.0916167,0.1042279377579689,,0.236045,0.268953,0.689103,4.48893,218.30000000000007,3.8982142857142867,209,3.732142857142857,0.0704252,-0.0274674,120.08999633789062,7,AL,Carlos Estévez,608032,14542,14542
COL,Rockies,3,4,0,53,,,,56,249,55,30,28,7,52,28,,3,4.48234,1.49684,8.38838,4.52774,1.85266,1.05032,0.20855,0.112568,0.09598235040903091,,0.253589,0.305592,0.716554,4.43936,196.30000000000007,3.505357142857144,200,3.5714285714285716,0.0578756,0.326256,496.760009765625,19,NL,Victor Vodnik,680767,24614,24614
ATH,Athletics,3,3,0,39,,,,40,175,40,22,20,5,35,16,,2,4.46965,1.40076,7.76039,3.6926,2.1016,1.02682,0.197324,0.0938919,0.10343174636363983,,0.253236,0.298607,0.693734,4.26946,146.5,3.6625,151,3.775,0.0549721,-0.0808126,999.0,10,AL,Michael Kelly,547184,12791,12791
LAA,Angels,3,5,1,49,,,,54,233,45,30,27,7,60,28,,6,4.5891,1.36603,10.0505,4.66682,2.1536,1.12647,0.257102,0.119382,0.13771996647119522,,0.227965,0.29176,0.68172,4.40628,214.5,3.9722222222222223,197,3.6481481481481484,0.0548208,-0.136358,999.0,1,AL,Ryan Zeferjahn,666171,25420,25420
PIT,Pirates,3,4,0,46,,,,58,248,52,30,27,6,62,25,,12,4.25148,1.3219,9.6087,3.84348,2.5,0.905963,0.248445,0.0993779,0.14906682819128036,,0.243902,0.317599,0.684552,4.19362,233.20000000000005,4.020689655172415,225,3.8793103448275863,0.0534262,0.121352,999.0,27,NL,Yohan Ramírez,670990,19444,19444
SDP,Padres,3,3,0,46,,,,56,238,48,30,28,7,57,24,,6,4.48515,1.29287,9.13258,3.90585,2.33818,1.20726,0.237856,0.101727,0.13612912595272064,,0.230388,0.281004,0.679761,4.46391,227.50000000000006,4.062500000000001,213,3.8035714285714284,0.0519914,-0.160705,999.0,29,NL,Ron Marinaccio,676760,23488,23488
BOS,Red Sox,4,5,0,62,,,,59,255,57,32,29,8,55,23,,3,4.43927,1.34847,8.44153,3.4625,2.43798,1.24811,0.217136,0.0890637,0.12807220220565796,,0.248025,0.293716,0.703729,4.36386,222.00000000000006,3.7627118644067807,223,3.7796610169491527,0.0481749,-0.032112,999.0,3,AL,Greg Weissert,669711,20375,20375
STL,Cardinals,3,3,0,48,,,,51,218,47,27,24,5,46,21,,6,4.35001,1.35153,8.18894,3.70228,2.21186,0.862819,0.210535,0.0951845,0.11535070091485977,,0.247716,0.30266,0.678681,4.14089,204.70000000000005,4.013725490196079,201,3.9411764705882355,0.0459395,-0.0664315,999.0,28,NL,Justin Bruihl,677865,23779,23779
STL,Cardinals,3,4,0,49,,,,62,275,63,33,30,6,48,29,,3,4.4299,1.48485,7.06163,4.19846,1.68196,0.847396,0.176241,0.104783,0.07145772874355316,,0.258569,0.302061,0.702007,4.33062,221.19999999999993,3.5677419354838698,232,3.7419354838709675,0.0280538,-0.0988581,999.0,28,NL,Chris Roycroft,688297,31261,31261
HOU,Astros,4,6,10,35,,,,84,367,77,48,44,15,91,41,,4,4.71124,1.40619,9.78162,4.42234,2.21186,1.6209,0.24797,0.112109,0.13586074113845825,,0.237873,0.284899,0.725444,4.91427,283.90000000000003,3.379761904761905,272,3.238095238095238,0.0264193,0.0543362,999.0,21,AL,Roddery Muñoz,682610,25311,25311
PIT,Pirates,3,4,0,46,,,,49,215,44,26,24,5,52,26,,6,4.47732,1.42933,9.53514,4.71892,2.02062,0.972974,0.240491,0.119019,0.12147258967161179,,0.240555,0.307138,0.695309,4.35135,194.70000000000002,3.9734693877551024,188,3.836734693877551,0.0182115,0.0372419,999.0,27,NL,Justin Lawrence,664875,17639,17639
SFG,Giants,2,3,1,44,,,,38,163,35,20,18,5,38,16,,4,4.33081,1.34955,8.92551,3.85515,2.31522,1.0895,0.22943,0.0990963,0.13033323734998703,,0.242946,0.298671,0.700384,4.31775,144.7,3.8078947368421048,141,3.710526315789474,-0.0231502,-0.00304747,999.0,30,NL,Ryan Borucki,621366,16350,16350
CHC,Cubs,3,3,0,53,,,,57,244,50,31,28,8,55,23,,3,4.41366,1.27502,8.57676,3.56329,2.40698,1.32588,0.224439,0.0932453,0.13119393587112427,,0.231375,0.271113,0.694226,4.48403,225.39999999999998,3.95438596491228,213,3.736842105263158,-0.0348498,-0.147567,999.0,17,NL,Jacob Webb,657097,19274,19274
HOU,Astros,5,6,7,36,,,,66,291,60,36,34,9,67,36,,6,4.60331,1.46489,9.12432,4.92045,1.85437,1.27788,0.228351,0.123142,0.10520860552787781,,0.241281,0.292943,0.717898,4.85623,229.7000000000001,3.480303030303032,221,3.3484848484848486,-0.0559556,0.136531,999.0,21,AL,Christian Roa,685005,27662,27662
COL,Rockies,2,3,0,40,,,,43,189,43,26,24,7,37,17,,1,4.952,1.40377,7.75644,3.57567,2.16923,1.41193,0.197087,0.0908556,0.10623122751712799,,0.254603,0.289529,0.680414,4.71006,140.3,3.262790697674419,144,3.3488372093023258,-0.0696927,-0.0146246,743.47998046875,19,NL,Zach Agnos,688642,31552,31552
ARI,Diamondbacks,2,2,3,44,,,,53,229,56,29,27,8,41,15,,3,4.52894,1.34559,6.87631,2.61955,2.625,1.42884,0.177239,0.0675197,0.10971953719854355,,0.265618,0.293955,0.710939,4.69297,176.20000000000007,3.3245283018867937,189,3.5660377358490565,-0.0926587,0.0692924,999.0,15,NL,Taylor Clarke,664199,17611,17611
PHI,Phillies,2,3,0,41,,,,41,179,43,25,23,6,32,15,,3,5.16667,1.43113,7.00174,3.30638,2.11765,1.28365,0.176909,0.0835406,0.09336889535188675,,0.268263,0.30253,0.655437,4.72998,127.80000000000003,3.117073170731708,137,3.341463414634146,-0.162591,-0.296606,999.0,26,NL,Zach Pop,647315,20185,20185
ARI,Diamondbacks,3,3,0,53,,,,47,211,46,25,23,6,44,27,,2,4.51758,1.55391,8.54621,5.13112,1.66556,1.0704,0.209743,0.125929,0.08381368219852448,,0.251241,0.303756,0.726759,4.61708,155.4,3.3063829787234043,158,3.3617021276595747,-0.201722,0.00731521,999.0,15,NL,Juan Morillo,666661,21924,21924
WSN,Nationals,1,2,2,47,,,,48,211,43,30,28,7,47,27,,7,5.20979,1.46589,8.93763,5.1358,1.74026,1.28395,0.223664,0.128523,0.09514045715332031,,0.240223,0.290462,0.660805,5.14351,149.3,3.110416666666667,141,2.9375,-0.204203,-0.380364,736.2100219726562,24,NL,Cole Henry,669371,27570,27570
