Name,Team,G,PA,AB,H,HR,R,RBI,SB,AVG,MLBAMID
Pete Crow-Armstrong,Cubs,162,726,626,175,45,119,107,41,0.28,691718
Iván Herrera,Cardinals,161,717,605,146,19,98,69,8,0.241,671056
Michael Busch,Cubs,160,710,600,145,20,78,77,3,0.242,683737
Kevin McGonigle,Tigers,156,707,605,168,18,97,72,12,0.278,805808
Zach Neto,Angels,157,704,619,148,27,102,77,24,0.239,687263
Fernando Tatis Jr.,Padres,159,704,626,181,25,96,83,38,0.289,665487
Miguel Vargas,Sox,159,704,588,147,33,106,93,22,0.25,678246
Alex Bregman,Cubs,155,702,608,161,28,92,93,3,0.265,608324
Junior Caminero,Rays,162,702,616,170,42,100,101,3,0.276,691406
Gunnar Henderson,Orioles,158,702,623,141,24,88,60,10,0.226,683002
Kyle Schwarber,Phillies,156,701,581,135,45,95,97,3,0.232,656941
Pete Alonso,Orioles,161,700,602,161,43,100,113,5,0.267,624413
Sal Stewart,Reds,162,700,623,164,32,87,111,15,0.263,701398
Trea Turner,Phillies,157,700,645,156,19,101,58,21,0.242,607208
Bryan Reynolds,Pirates,162,699,595,155,17,102,72,9,0.261,668804
Matt Olson,Braves,162,698,625,157,41,99,93,4,0.251,621566
Bo Bichette,Mets,160,696,638,166,18,76,78,2,0.26,666182
Bryce Harper,Phillies,162,693,577,155,29,93,87,7,0.269,547180
Yordan Alvarez,Astros,158,692,567,179,42,105,106,1,0.316,670541
Nico Hoerner,Cubs,159,689,628,165,8,62,72,23,0.263,663538
Otto Lopez,Marlins,157,687,627,191,11,94,71,34,0.305,672640
Yandy Díaz,Rays,154,686,614,180,22,93,85,3,0.293,650490
Ozzie Albies,Braves,162,683,615,146,22,85,73,4,0.237,645277
Wilyer Abreu,Sox,157,681,597,148,24,81,76,8,0.248,677800
Geraldo Perdomo,Diamondbacks,157,680,562,147,9,75,59,21,0.262,672695
Brice Turang,Brewers,151,680,582,156,21,102,100,19,0.268,668930
Manny Machado,Padres,158,677,589,128,30,82,91,5,0.217,592518
Corbin Carroll,Diamondbacks,156,671,582,139,22,91,78,21,0.239,682998
Randy Arozarena,Mariners,154,670,572,161,26,113,79,26,0.281,668227
Alec Burleson,Cardinals,160,670,605,169,26,89,116,4,0.279,676475
Jonathan Aranda,Rays,155,668,580,159,22,73,92,0,0.274,666018
Ben Rice,Yankees,154,667,573,151,41,105,97,3,0.264,700250
Jordan Walker,Cardinals,158,667,609,164,29,97,102,22,0.269,691023
Jackson Merrill,Padres,158,664,613,156,26,86,87,27,0.254,701538
Jo Adell,Guardians,159,660,603,145,23,70,94,5,0.24,666176
Isaac Paredes,Astros,155,659,562,147,25,69,94,0,0.262,670623
Freddie Freeman,Dodgers,153,657,579,167,16,74,70,7,0.288,518692
Brandon Lowe,Pirates,150,656,584,152,35,94,96,2,0.26,664040
Luis Arraez,Phillies,151,655,596,185,6,67,64,10,0.31,650333
Daylen Lile,Nationals,160,655,602,148,22,81,89,15,0.246,695734
Brandon Nimmo,Rangers,155,655,593,154,14,65,62,7,0.26,607043
CJ Abrams,Nationals,152,654,579,151,33,93,106,34,0.261,682928
Carson Benge,Mets,156,654,595,168,20,86,65,22,0.282,701807
Julio Rodríguez,Mariners,150,654,596,147,22,69,71,22,0.247,677594
Josh Naylor,Mariners,152,650,597,156,10,58,57,30,0.261,647304
Chase Meidroth,Sox,154,643,566,156,16,90,63,4,0.276,805367
William Contreras,Brewers,147,640,566,153,18,82,94,1,0.27,661388
Colson Montgomery,Sox,153,638,568,112,31,71,87,1,0.197,695657
Cole Young,Mariners,160,638,577,142,17,76,66,4,0.246,702284
Steven Kwan,Guardians,151,637,539,152,3,80,32,10,0.282,680757
Elly De La Cruz,Reds,143,636,559,158,30,99,79,30,0.283,682829
Ian Happ,Cubs,156,636,546,119,24,89,68,4,0.218,664023
Kazuma Okamoto,Jays,156,636,568,132,33,81,92,1,0.232,672960
Christian Walker,Astros,156,635,571,129,29,73,87,0,0.226,572233
Seiya Suzuki,Cubs,143,634,545,147,26,96,86,3,0.27,673548
Mike Trout,Angels,142,634,513,124,22,86,54,11,0.242,545361
Rafael Devers,Giants,148,633,558,144,37,88,98,0,0.258,646240
Bobby Witt Jr.,Royals,143,632,558,157,18,94,54,45,0.281,677951
Josh Bell,Twins,154,631,568,145,21,78,96,2,0.255,605137
Brooks Lee,Twins,156,631,586,148,24,72,83,8,0.253,686797
TJ Rumfield,Rockies,155,631,547,164,16,67,73,0,0.3,681198
Austin Riley,Braves,159,630,566,124,19,64,72,9,0.219,663586
Alec Bohm,Phillies,155,629,567,141,15,58,88,2,0.249,664761
Salvador Perez,Royals,152,627,580,133,21,50,78,1,0.229,521692
Kyle Tucker,Dodgers,154,627,540,126,17,90,70,12,0.233,663656
Ketel Marte,Diamondbacks,141,624,562,140,22,78,76,4,0.249,606466
James Wood,Nationals,135,623,513,136,30,106,77,21,0.265,695578
Ernie Clement,Jays,158,621,590,153,9,60,48,7,0.259,676391
Michael Harris II,Braves,155,621,591,174,26,79,87,12,0.294,671739
Jake Burger,Rangers,155,620,556,127,28,71,90,4,0.228,669394
Luke Keaschall,Twins,152,620,528,149,10,86,52,20,0.282,807712
Mauricio Dubón,Braves,153,619,572,158,12,66,73,10,0.276,643289
JJ Wetherholt,Cardinals,139,619,537,130,17,89,51,14,0.242,802139
Shohei Ohtani,Dodgers,139,618,523,144,30,89,81,11,0.275,660271
Jakob Marsee,Marlins,155,616,516,119,11,83,41,23,0.231,805300
Drake Baldwin,Braves,138,615,549,156,25,85,79,3,0.284,686948
Chandler Simpson,Rays,151,612,571,175,0,66,38,46,0.306,802415
Spencer Torkelson,Tigers,159,612,526,121,26,66,77,1,0.23,679529
Vladimir Guerrero Jr.,Jays,144,609,542,141,9,72,57,7,0.26,665489
Jarren Duran,Sox,151,608,551,114,20,66,69,21,0.207,680776
Nick Gonzales,Pirates,148,608,551,167,6,72,61,7,0.303,693304
Bryson Stott,Phillies,155,608,536,137,10,71,67,27,0.256,681082
Dillon Dingler,Tigers,145,607,551,134,27,72,91,0,0.243,693307
Taylor Ward,Mariners,143,607,498,112,7,71,37,4,0.225,621493
Xander Bogaerts,Padres,153,606,520,120,13,68,57,22,0.231,593428
Carter Jensen,Royals,149,603,527,126,27,80,81,2,0.239,695600
Nolan Arenado,Diamondbacks,152,599,533,136,30,80,86,4,0.255,571448
Ezequiel Duran,Rangers,153,597,539,140,17,71,83,12,0.26,677649
Jake McCarthy,Rockies,147,596,547,159,15,80,83,32,0.291,664983
Xavier Edwards,Marlins,142,595,518,145,6,61,52,21,0.28,669364
Riley Greene,Tigers,140,592,511,143,21,79,75,3,0.28,682985
Brayan Rocchio,Guardians,153,592,534,135,15,66,73,20,0.253,677587
Caleb Durbin,Sox,153,586,508,126,13,74,64,20,0.248,702332
Kody Clemens,Twins,145,583,531,127,27,74,81,10,0.239,665019
Jung Hoo Lee,Giants,143,579,539,149,10,65,57,12,0.276,808982
Jake Bauers,Brewers,144,578,477,127,26,93,86,11,0.266,641343
Ceddanne Rafaela,Sox,138,576,541,153,16,67,70,17,0.283,678882
Hunter Goodman,Rockies,138,574,518,127,41,84,88,5,0.245,696100
Andy Pages,Dodgers,134,574,511,140,23,75,85,13,0.274,681624
Jose Altuve,Astros,135,573,524,131,16,70,50,5,0.25,514888
Jackson Chourio,Brewers,127,573,522,152,25,96,75,23,0.291,694192
Brandon Marsh,Phillies,155,568,524,136,18,71,62,11,0.26,669016
Cam Smith,Astros,157,568,510,107,21,67,56,12,0.21,701358
Cody Bellinger,Yankees,132,562,496,131,17,73,73,12,0.264,641355
Max Muncy,Dodgers,149,561,488,123,29,81,76,3,0.252,571970
Chase DeLauter,Guardians,133,559,495,142,16,62,67,11,0.287,800050
Sam Antonacci,Sox,140,557,480,133,8,81,48,20,0.277,803011
Liam Hicks,Rays,142,554,479,136,18,66,82,3,0.284,689414
Jac Caglianone,Royals,143,553,512,148,23,72,75,7,0.289,695506
Munetaka Murakami,Sox,127,553,454,94,35,82,77,1,0.207,808959
Gabriel Moreno,Diamondbacks,130,549,473,147,16,72,83,6,0.311,672515
Marcus Semien,Mets,139,547,494,106,15,55,49,10,0.215,543760
JJ Bleday,Reds,133,545,466,101,24,61,58,6,0.217,668709
José Ramírez,Guardians,125,544,473,111,12,71,53,37,0.235,608070
Luis García Jr.,Yankees,147,543,516,143,30,69,92,5,0.277,671277
Lawrence Butler,Athletics,154,539,472,112,17,64,62,10,0.237,671732
Willson Contreras,Sox,130,535,448,123,27,68,81,3,0.275,575929
Dominic Canzone,Mariners,146,533,477,126,23,60,77,2,0.264,686527
Jazz Chisholm Jr.,Yankees,137,532,471,109,19,69,55,41,0.231,665862
Masyn Winn,Cardinals,136,532,470,109,5,54,56,10,0.232,691026
Garrett Mitchell,Brewers,145,531,461,121,11,74,65,14,0.262,669003
Cal Raleigh,Mariners,126,530,451,82,23,49,69,2,0.182,663728
Mookie Betts,Dodgers,123,528,478,123,23,71,69,2,0.257,605141
Daulton Varsho,Astros,140,526,484,107,12,51,40,12,0.221,662139
Jeff McNeil,Athletics,144,520,478,126,9,52,59,8,0.264,643446
Isaac Collins,Royals,145,519,442,94,6,47,40,8,0.213,686555
Travis Bazzana,Guardians,124,517,449,110,15,56,57,19,0.245,683953
George Springer,Jays,126,517,462,115,15,59,54,12,0.249,543807
Kyle Stowers,Marlins,121,512,447,107,21,57,65,1,0.239,669065
Royce Lewis,Twins,125,509,463,105,15,51,57,16,0.227,668904
Andrés Giménez,Jays,148,508,468,114,9,38,59,20,0.244,665926
Ezequiel Tovar,Rockies,146,506,465,102,13,57,44,8,0.219,678662
Willy Adames,Giants,121,505,465,107,21,62,51,5,0.23,642715
Heriberto Hernández,Marlins,130,505,448,102,25,51,67,13,0.228,681715
Cedric Mullins,Rays,137,502,439,90,15,56,48,21,0.205,656775
Ty France,Padres,133,500,440,130,21,59,72,1,0.295,664034
Christian Yelich,Brewers,118,500,442,104,12,69,59,11,0.235,592885
Eugenio Suárez,Reds,125,498,434,92,26,50,74,1,0.212,553993
Matt McLain,Reds,134,496,437,81,15,59,40,20,0.185,680574
Nasim Nuñez,Nationals,147,493,431,90,1,55,37,49,0.209,683083
A.J. Ewing,Mets,120,492,436,110,11,55,43,25,0.252,805999
Teoscar Hernández,Dodgers,125,491,442,118,16,66,64,5,0.267,606192
Tristan Peters,Sox,156,491,437,116,12,63,56,8,0.265,671976
Javier Sanoja,Marlins,144,490,461,136,11,50,69,11,0.295,691594
J.P. Crawford,Mariners,116,489,412,91,14,54,40,1,0.221,641487
Dansby Swanson,Cubs,126,486,428,91,19,82,69,17,0.213,621020
Ildemaro Vargas,Diamondbacks,142,486,453,115,9,62,67,3,0.254,545121
Trent Grisham,Yankees,121,484,418,88,18,67,59,9,0.211,663757
Jeremy Peña,Astros,112,483,447,124,22,82,56,12,0.277,665161
Juan Soto,Mets,111,482,400,110,27,63,68,9,0.275,665742
Leody Taveras,Orioles,139,482,429,94,8,58,56,11,0.219,665750
Vinnie Pasquantino,Royals,114,481,421,105,17,54,63,5,0.249,686469
Jake Mangum,Pirates,133,479,435,120,5,56,33,23,0.276,663968
Willi Castro,Rockies,120,477,427,111,15,65,56,10,0.26,650489
Kyle Karros,Rockies,131,475,411,104,13,63,49,5,0.253,691720
Vaughn Grissom,Angels,119,474,422,102,13,47,72,1,0.242,687093
Brett Baty,Mets,143,473,420,99,11,53,56,5,0.236,683146
Henry Bolte,Athletics,119,473,415,115,11,57,38,21,0.277,703607
Wyatt Langford,Rangers,110,471,411,98,17,64,44,15,0.238,694671
Jacob Young,Nationals,140,471,421,106,10,57,50,18,0.252,696285
Nathan Church,Cardinals,142,470,434,107,10,53,50,10,0.247,701675
Ronald Acuña Jr.,Braves,107,469,408,104,20,61,55,21,0.255,660670
Francisco Lindor,Mets,105,469,418,94,21,63,49,3,0.225,596019
Andrew Benintendi,Sox,141,468,421,101,15,58,78,1,0.24,643217
Tyler Stephenson,Reds,130,468,411,99,15,41,54,0,0.241,663886
Shea Langeliers,Athletics,106,467,424,111,23,58,58,3,0.262,669127
J.T. Realmuto,Phillies,123,467,414,85,11,52,51,3,0.205,592663
Justin Crawford,Phillies,149,465,425,112,3,48,41,17,0.264,702222
José Caballero,Yankees,136,456,411,95,14,50,51,34,0.231,676609
Evan Carter,Rangers,141,455,391,76,9,52,40,17,0.194,694497
Coby Mayo,Orioles,132,454,412,94,24,64,63,4,0.228,691723
Tyler Soderstrom,Athletics,109,453,396,97,19,58,56,2,0.245,691016
Michael Massey,Royals,131,452,423,115,13,49,50,3,0.272,686681
Spencer Horwitz,Pirates,114,451,385,94,10,45,49,1,0.244,687462
Ryan O'Hearn,Pirates,110,451,407,108,18,58,76,1,0.265,656811
Nathan Lukes,Jays,125,450,408,113,10,48,41,1,0.277,664770
Troy Johnston,Rockies,129,449,397,110,4,41,50,4,0.277,687859
Bryce Eldridge,Giants,107,448,386,104,17,50,57,1,0.269,805811
Nolan Schanuel,Angels,107,446,392,108,7,43,49,1,0.276,694384
Josh Jung,Rangers,104,444,398,119,12,54,42,1,0.299,673962
Dylan Crews,Nationals,109,443,404,90,13,55,44,12,0.223,686611
Heliot Ramos,Yankees,112,442,404,99,13,48,46,4,0.245,671218
Mickey Moniak,Rockies,117,436,404,96,23,49,65,1,0.238,666160
Corey Seager,Rangers,102,436,384,87,20,57,51,2,0.227,608369
Zack Gelof,Athletics,111,435,394,101,22,76,55,16,0.256,680869
Nick Kurtz,Athletics,99,434,352,90,21,62,69,7,0.256,701762
Trevor Larnach,Twins,122,433,383,103,13,57,48,2,0.269,663616
Taylor Walls,Rays,124,433,369,82,2,60,36,21,0.222,670764
Joc Pederson,Rangers,136,432,374,88,26,56,53,2,0.235,592626
Nathaniel Lowe,Guardians,126,429,381,96,17,38,64,0,0.252,663993
Nick Loftin,Royals,118,426,371,89,8,42,45,4,0.24,679845
Jake Cronenworth,Padres,109,425,377,85,7,46,41,9,0.225,630105
Carson Kelly,Cubs,121,425,380,98,10,57,58,0,0.258,608348
Colt Keith,Tigers,140,423,384,99,10,51,36,6,0.258,690993
Zach McKinstry,Tigers,129,423,371,74,4,42,26,3,0.199,656716
Francisco Alvarez,Mets,113,420,373,87,16,38,43,0,0.233,682626
Gleyber Torres,Tigers,96,420,358,93,8,57,38,0,0.26,650402
Oneil Cruz,Pirates,97,419,368,103,20,65,67,30,0.28,665833
Gavin Sheets,Padres,125,419,363,77,17,47,48,4,0.212,657757
Angel Martínez,Guardians,114,416,389,99,18,49,62,11,0.254,682657
Joey Ortiz,Brewers,134,415,371,100,9,49,47,9,0.27,687401
Adley Rutschman,Sox,99,410,364,88,13,44,60,0,0.242,668939
Casey Schmitt,Giants,98,409,387,105,21,47,55,9,0.271,669477
Byron Buxton,Twins,93,408,370,94,25,65,46,7,0.254,621439
Mike Yastrzemski,Braves,139,408,361,81,12,51,41,1,0.224,573262
Samuel Basallo,Orioles,112,399,360,80,18,40,54,0,0.222,694212
Richie Palacios,Rays,124,399,345,81,10,51,57,17,0.235,680700
Drew Gilbert,Giants,134,393,340,81,11,53,43,3,0.238,687551
Colton Cowser,Orioles,142,392,341,77,13,41,40,10,0.226,681297
Jonah Heim,Athletics,105,390,358,73,13,34,43,0,0.204,641680
Austin Wells,Yankees,122,388,334,62,14,39,32,4,0.186,669224
David Hamilton,Brewers,121,387,339,83,4,49,26,30,0.245,666152
Sal Frelick,Brewers,111,384,339,78,4,36,40,7,0.23,686217
Spencer Steer,Reds,98,384,340,81,16,54,40,3,0.238,668715
Connor Norby,Rockies,105,383,329,80,7,36,34,10,0.243,681393
Victor Caratini,Twins,106,382,327,72,7,28,44,0,0.22,605170
Carlos Cortes,Athletics,124,381,343,86,10,30,43,2,0.251,666126
Paul Goldschmidt,Yankees,105,380,345,87,18,44,52,1,0.252,502671
Lane Thomas,Braves,118,374,326,73,11,37,40,9,0.224,657041
Cole Carrigg,Rockies,93,372,333,93,12,50,53,11,0.279,694249
Jonny DeLuca,Rays,112,370,350,93,11,44,50,17,0.266,676356
José Fermín,Cardinals,118,370,327,81,6,33,41,8,0.248,665877
Oswald Peraza,Angels,123,370,341,77,7,33,25,12,0.226,672724
Ryan Jeffers,Twins,92,369,317,81,14,49,56,1,0.256,680777
Braden Montgomery,Sox,93,365,323,73,6,47,38,1,0.226,695731
Hao-Yu Lee,Tigers,114,364,330,87,10,40,46,3,0.264,701678
Jorbit Vivas,Nationals,123,364,311,74,3,32,31,2,0.238,678391
Dylan Beavers,Orioles,104,363,324,74,9,41,44,5,0.228,687637
Jared Triolo,Pirates,125,362,324,77,3,34,29,13,0.238,669707
Yainer Diaz,Astros,98,361,344,98,14,38,45,0,0.285,673237
Jorge Soler,Angels,86,361,316,64,12,36,49,0,0.203,624585
Ryan McMahon,Yankees,124,360,328,70,11,33,41,3,0.213,641857
Austin Martin,Twins,118,358,302,69,3,42,24,12,0.228,668885
Kyle Manzardo,Guardians,102,356,312,67,13,40,39,0,0.215,700932
Brady House,Nationals,95,355,320,79,10,44,46,3,0.247,691781
Jackson Holliday,Orioles,98,354,315,72,7,45,30,8,0.229,702616
Luis Rengifo,Padres,95,354,312,75,4,38,36,6,0.24,650859
Keibert Ruiz,Nationals,105,354,332,93,10,44,48,2,0.28,660688
Moisés Ballesteros,Angels,104,352,317,68,9,26,35,1,0.215,694208
Matt Chapman,Giants,84,352,307,72,7,35,42,0,0.235,656305
Tim Tawa,Diamondbacks,104,351,313,75,11,41,42,8,0.24,694374
Andruw Monasterio,Sox,107,347,313,73,6,35,43,4,0.233,655316
Patrick Bailey,Guardians,112,345,310,64,10,31,37,3,0.206,672275
Maikel Garcia,Royals,82,344,310,83,3,40,38,5,0.268,672580
Josh Lowe,Angels,114,343,311,65,12,32,29,10,0.209,666139
Jared Young,Mets,103,342,308,82,9,46,39,3,0.266,676724
Konnor Griffin,Pirates,80,339,312,85,6,43,33,23,0.272,804606
Wade Meckler,Angels,98,337,300,90,3,43,27,8,0.3,685133
Jacob Wilson,Athletics,80,337,320,85,7,37,37,4,0.266,805779
Dane Myers,Reds,117,334,292,75,8,39,27,10,0.257,667472
Lars Nootbaar,Diamondbacks,90,334,285,68,8,39,33,2,0.239,663457
Tommy Edman,Dodgers,84,331,291,72,8,44,42,7,0.247,669242
Andrew Vaughn,Brewers,104,331,288,88,6,33,43,0,0.306,683734
Owen Caissie,Marlins,108,330,291,64,14,45,58,5,0.22,683357
Joe Mack,Marlins,105,330,303,71,14,40,52,0,0.234,691788
Myles Straw,Jays,147,330,295,71,3,44,26,7,0.241,664702
Curtis Mead,Sox,88,329,285,72,17,49,48,6,0.253,678554
Griffin Conine,Marlins,94,323,284,75,19,45,43,4,0.264,665052
Nick Fortes,Rays,109,323,298,77,6,33,35,0,0.258,663743
Kyle Isbel,Royals,100,323,294,66,6,32,24,6,0.224,664728
Rhys Hoskins,Guardians,95,317,263,47,13,33,38,1,0.179,656555
Jesús Sánchez,Diamondbacks,105,315,284,72,8,24,35,1,0.254,660821
Michael Conforto,Cubs,113,314,271,65,15,32,45,1,0.24,624424
Alejandro Kirk,Jays,79,313,277,77,10,26,43,1,0.278,672386
Denzer Guzman,Angels,87,304,283,62,8,33,33,2,0.219,694203
Nolan Gorman,Cardinals,85,302,266,49,9,26,33,0,0.184,669357
Dominic Smith,Braves,108,300,269,68,9,40,46,0,0.253,642086
Henry Davis,Pirates,97,298,256,44,10,33,38,3,0.172,680779
Masataka Yoshida,Sox,87,297,263,72,5,34,28,2,0.274,807799
Mark Vientos,Mets,87,295,274,58,13,28,41,0,0.212,668901
Jeremiah Jackson,Orioles,102,293,277,60,10,29,45,2,0.217,669236
Matt Vierling,Tigers,92,291,266,55,5,24,31,4,0.207,663837
Blaze Alexander,Orioles,93,289,261,79,4,35,31,10,0.303,677942
Spencer Jones,Yankees,86,289,261,64,11,36,40,10,0.245,682987
Taylor Trammell,Astros,99,289,255,49,8,29,22,4,0.192,666211
Tyler Freeman,Rockies,79,288,255,63,3,29,23,6,0.247,671289
José Tena,Nationals,115,288,257,57,7,36,25,6,0.222,677588
Luke Raley,Mariners,95,287,262,59,15,28,39,1,0.225,670042
Esmerlyn Valdez,Pirates,72,287,241,56,17,40,47,0,0.232,699013
Daniel Schneemann,Guardians,91,286,262,55,7,30,30,7,0.21,682177
Ben Williamson,Rays,89,286,261,62,3,32,26,8,0.238,810938
Aaron Judge,Yankees,66,285,237,57,18,45,41,5,0.241,592450
Carlos Narváez,Orioles,95,285,248,40,3,22,10,2,0.161,665966
Max Muncy,Athletics,82,284,256,59,9,31,30,3,0.23,691777
Ryan Waldschmidt,Diamondbacks,82,284,250,64,3,30,22,7,0.256,814439
Luis Torrens,Mets,93,281,255,60,9,37,41,1,0.235,620443
Randal Grichuk,Sox,117,280,265,76,15,41,46,0,0.287,545341
Marcell Ozuna,Pirates,70,280,251,51,8,22,29,0,0.203,542303
Ryan Vilade,Rays,96,278,245,60,11,28,43,3,0.245,668723
Nick Sogard,Sox,66,277,239,61,5,29,19,1,0.255,686765
Edouard Julien,Rockies,88,276,236,49,3,37,20,5,0.208,666397
Will Smith,Dodgers,73,276,235,61,10,35,34,0,0.26,669257
Gary Sánchez,Brewers,87,275,225,47,12,37,38,0,0.209,596142
Logan O'Hoppe,Rangers,85,274,251,55,4,25,24,0,0.219,681351
TJ Friedl,Reds,91,272,239,41,4,20,13,5,0.172,670770
Brandon Valenzuela,Jays,91,271,239,54,9,29,24,2,0.226,678218
Nicky Lopez,Rangers,100,270,237,64,1,25,24,5,0.27,670032
Alex Freeland,Dodgers,89,269,231,54,4,32,21,4,0.234,690976
Donovan Walton,Athletics,92,268,230,60,9,36,32,3,0.261,622268
Ryan Kreidler,Twins,105,267,243,53,8,33,29,4,0.218,668952
Cooper Pratt,Brewers,74,266,228,64,3,33,34,19,0.281,806198
Pedro Ramírez,Cubs,80,266,241,63,6,36,32,9,0.261,699393
Trevor Story,Sox,64,266,251,59,5,24,29,5,0.235,596115
Christian Vázquez,Astros,86,266,242,50,7,22,25,1,0.207,543877
Freddy Fermin,Padres,96,265,232,47,4,22,24,1,0.203,666023
Victor Mesa Jr.,Rays,79,262,235,61,14,37,34,9,0.26,683748
Tyler O'Neill,Orioles,85,260,231,49,10,31,23,1,0.212,641933
Kerry Carpenter,Tigers,81,259,231,48,13,27,36,0,0.208,681481
Adolis García,Phillies,67,259,231,45,7,21,21,3,0.195,666969
Agustín Ramírez,Marlins,72,255,226,53,5,31,24,4,0.235,682663
Esteury Ruiz,Marlins,109,255,213,46,6,38,17,34,0.216,665923
Miguel Amaya,Cubs,83,254,215,51,6,36,28,0,0.237,665804
Miguel Andujar,Padres,74,254,239,62,5,24,22,2,0.259,609280
Dalton Rushing,Dodgers,80,253,224,55,12,37,36,0,0.246,687221
Miguel Rojas,Dodgers,107,252,225,60,4,23,23,1,0.267,500743
Hunter Feduccia,Dodgers,93,251,217,48,3,21,19,0,0.221,676439
Jose Siri,Angels,108,251,228,55,10,36,33,9,0.241,642350
Edmundo Sosa,Phillies,84,250,231,57,9,31,44,4,0.247,624641
Luis Campusano,Padres,71,248,215,57,8,24,30,0,0.265,669134
Justin Foscue,Rangers,100,247,225,61,11,26,34,0,0.271,679822
Austin Hedges,Guardians,82,247,215,53,6,25,25,1,0.247,595978
Anthony Volpe,Yankees,70,246,220,54,2,24,28,12,0.245,683011
Marcelo Mayer,Giants,76,245,220,46,3,19,22,3,0.209,691785
Amed Rosario,Yankees,87,244,227,54,10,28,34,3,0.238,642708
Josh Smith,Jays,80,243,212,43,6,23,15,4,0.203,669701
Roman Anthony,Sox,55,242,212,52,5,24,15,2,0.245,701350
Ke'Bryan Hayes,Reds,94,242,227,32,5,19,9,1,0.141,663647
Colt Emerson,Mariners,69,241,221,42,8,24,23,3,0.19,806068
Tyrone Taylor,Cubs,97,241,219,61,11,36,38,3,0.279,621438
Connor Wong,Sox,77,238,210,49,4,22,25,3,0.233,657136
Elias Díaz,Rangers,87,237,218,51,8,21,35,0,0.234,553869
Brett Sullivan,Rockies,84,237,218,49,7,23,33,1,0.225,664954
Brice Matthews,Astros,84,233,214,43,7,23,22,4,0.201,694728
Alejandro Osuna,Rangers,84,233,204,53,1,27,25,5,0.26,696030
Alika Williams,Athletics,88,231,215,58,4,29,16,2,0.27,675961
Luis Robert Jr.,Orioles,61,230,204,45,11,26,26,2,0.221,673357
Andrés Chaparro,Nationals,83,228,198,53,13,36,39,0,0.268,665953
Jacob Gonzalez,Pirates,81,227,209,46,7,21,31,2,0.22,694378
Danny Jansen,Rangers,67,227,197,40,8,21,26,1,0.203,643376
Mickey Gasper,Sox,67,225,191,48,10,26,24,0,0.251,681508
Luisangel Acuña,Sox,104,224,210,48,2,23,13,18,0.229,682668
Brenton Doyle,Sox,87,223,210,49,6,35,16,14,0.233,686668
Jasson Domínguez,Yankees,57,222,209,47,6,22,14,8,0.225,691176
Jose Fernandez,Diamondbacks,73,222,204,52,3,26,16,9,0.255,699912
Christian Koss,Giants,71,221,203,44,4,27,12,5,0.217,683766
Jorge Mateo,Rays,99,221,207,42,5,41,18,19,0.203,622761
Edgar Quero,Sox,69,217,187,38,3,14,19,1,0.203,700337
Derek Hill,Phillies,117,216,199,48,11,30,31,13,0.241,656537
David Fry,Guardians,91,214,184,37,8,23,20,0,0.201,681807
Christian Encarnacion-Strand,Orioles,58,213,195,54,11,25,39,1,0.277,687952
Luis Lara,Brewers,61,212,191,47,1,25,26,3,0.246,800325
Pedro Pagés,Cardinals,84,211,189,41,4,14,12,2,0.217,686780
Max Clark,Tigers,51,206,180,49,3,27,23,5,0.272,703601
Ramón Laureano,Padres,53,206,182,37,7,23,21,7,0.203,657656
Drew Romo,Sox,61,206,180,26,7,17,16,1,0.144,691011
Eli White,Sox,96,204,191,47,6,27,29,5,0.246,642201
Brent Rooker,Athletics,48,203,180,36,10,20,29,2,0.2,667670
Matt Shaw,Cubs,77,202,173,41,5,25,24,4,0.237,807713
Lourdes Gurriel Jr.,Diamondbacks,51,201,186,39,2,13,22,1,0.21,666971
Noelvi Marte,Reds,63,201,190,36,6,19,15,7,0.189,682622
Tyler Heineman,Angels,79,200,177,31,1,15,10,1,0.175,623168
Blaze Jordan,Cardinals,58,199,186,46,3,16,28,0,0.247,691458
Adrian Del Castillo,Diamondbacks,64,197,181,35,5,18,24,1,0.193,680728
Javier Báez,Tigers,58,196,187,45,3,25,20,1,0.241,595879
Alex Call,Dodgers,88,195,163,38,1,25,20,1,0.233,669743
Petey Halpin,Guardians,83,195,178,40,4,27,14,10,0.225,690984
Victor Scott II,Cardinals,80,195,166,32,2,19,9,12,0.193,687363
Tommy White,Athletics,56,195,189,48,3,19,10,0,0.254,695720
Leo Jiménez,Marlins,66,194,166,33,2,18,14,1,0.199,677870
Bryan Torres,Cardinals,74,189,166,38,4,17,19,2,0.229,663494
Tristan Gray,Twins,66,188,173,39,4,16,29,2,0.225,656484
Kyle Higashioka,Rangers,58,186,165,36,7,20,18,0,0.218,543309
Isiah Kiner-Falefa,Sox,66,183,161,39,2,23,16,8,0.242,643396
Weston Wilson,Mariners,75,183,164,33,4,24,14,7,0.201,642215
Brett Bateman,Jays,41,181,158,52,2,28,11,3,0.329,703520
Jahmai Jones,Sox,94,181,160,33,6,20,16,3,0.206,663330
Jordan Beck,Rockies,63,180,165,33,1,17,11,2,0.2,687597
Yohendrick Piñango,Jays,58,180,169,44,5,12,20,0,0.26,682818
Thomas Saggese,Cardinals,57,180,162,38,4,25,14,4,0.235,695336
Wenceel Pérez,Tigers,53,175,161,29,7,22,17,3,0.18,672761
Samad Taylor,Padres,47,175,152,48,2,26,18,13,0.316,669392
Jorge Barrosa,Astros,105,174,145,28,2,30,12,3,0.193,678489
Anthony Seigler,Sox,49,173,150,37,3,21,13,2,0.247,678011
Jake Rogers,Sox,60,171,143,23,4,17,14,1,0.161,668670
James Outman,Tigers,94,170,157,27,5,23,17,6,0.172,681546
Jonah Cox,Giants,62,169,151,38,4,26,16,16,0.252,813841
Starling Marte,Royals,59,168,153,37,2,15,14,2,0.242,516782
Drew Cavanaugh,Giants,59,166,144,33,1,9,12,1,0.229,701852
George Lombard Jr.,Yankees,42,166,152,36,7,23,22,2,0.237,806146
James McCann,Diamondbacks,52,166,156,44,7,17,28,0,0.282,543510
Rafael Flores Jr.,Pirates,47,163,148,39,11,17,25,0,0.264,804668
Nick Allen,Astros,94,162,145,41,3,26,14,2,0.283,669397
John Rave,Royals,52,161,142,33,6,26,13,8,0.232,670231
Daniel Susac,Giants,53,161,144,35,3,11,22,2,0.243,691740
Edwin Arroyo,Reds,50,160,148,33,0,14,5,1,0.223,695490
Brendan Donovan,Mariners,39,159,137,38,3,12,15,1,0.277,680977
Endy Rodríguez,Pirates,45,159,135,36,7,20,20,6,0.267,682848
Darell Hernaiz,Athletics,56,157,137,32,1,13,9,3,0.234,687231
Davis Schneider,Jays,69,156,124,18,5,21,16,1,0.145,676914
Jose Trevino,Reds,52,156,152,33,5,12,19,0,0.217,624431
Blake Dunn,Reds,38,155,142,40,2,20,7,6,0.282,694362
Graham Pauley,Marlins,62,154,142,30,4,15,25,1,0.211,688363
Sung-Mun Song,Padres,78,154,131,25,1,22,17,13,0.191,823550
Jake Meyers,Astros,57,153,141,30,3,15,11,1,0.213,676694
Dustin Harris,Padres,45,152,133,39,0,24,19,10,0.293,687957
Drew Millas,Nationals,50,152,130,24,2,18,11,0,0.185,686452
Héctor Rodríguez,Reds,41,152,144,33,6,16,17,0,0.229,699302
Gabriel Arias,Cubs,51,149,140,34,5,14,14,4,0.243,672356
Jimmy Crooks,Cardinals,52,149,134,24,5,10,14,0,0.179,699625
Mitch Garver,Mariners,50,149,126,22,4,17,15,1,0.175,641598
Victor Robles,Mariners,66,149,133,34,0,15,9,10,0.256,645302
Leo Rivas,Mariners,52,148,124,19,0,11,11,2,0.153,660844
Tyler Tolbert,Royals,80,148,130,37,3,32,8,22,0.285,686475
Adam Frazier,Angels,67,147,129,31,1,19,13,3,0.24,624428
Ha-Seong Kim,Braves,51,147,129,15,0,11,9,2,0.116,673490
Christian Moore,Angels,38,147,134,25,2,5,18,1,0.187,695681
LaMonte Wade Jr.,Astros,56,146,127,26,4,18,19,0,0.205,664774
Max Kepler,Diamondbacks,41,145,132,27,2,11,15,0,0.205,596146
Jorge Polanco,Mets,37,145,135,20,2,7,6,0,0.148,593871
MJ Melendez,Mets,56,144,120,23,4,14,11,0,0.192,669004
Kyle Teel,Sox,39,144,119,25,5,21,26,0,0.21,691019
Osleivis Basabe,Giants,46,143,129,26,5,13,13,2,0.202,678545
Tommy Troy,Diamondbacks,45,143,129,28,4,23,9,1,0.217,694371
Carlos Correa,Astros,32,141,122,34,3,22,16,1,0.279,621043
Ben Malgeri,Tigers,60,140,120,30,5,18,20,5,0.25,701162
Angel Genao,Guardians,43,139,127,27,2,15,6,1,0.213,694197
Eduardo Valencia,Tigers,42,138,129,44,8,25,21,0,0.341,680664
Jordan Lawlar,Diamondbacks,44,136,124,32,6,18,16,6,0.258,691783
Abimelec Ortiz,Nationals,44,136,128,24,5,16,14,0,0.188,694673
Matt Wallner,Twins,34,135,120,20,4,14,10,0,0.167,670242
Hyeseong Kim,Dodgers,43,131,116,30,1,16,11,5,0.259,808975
Yoán Moncada,Angels,41,130,111,21,3,9,10,1,0.189,660162
Rob Refsnyder,Mariners,53,129,114,16,4,9,11,0,0.14,608701
Joey Bart,Sox,44,128,112,24,4,13,13,0,0.214,663698
Kaelen Culpepper,Twins,33,128,117,32,3,15,11,1,0.274,701785
Turner Hill,Giants,34,124,105,23,1,13,16,2,0.219,806367
Jim Jarvis,Braves,38,124,111,23,1,10,11,0,0.207,805347
Nick Castellanos,Padres,39,122,115,22,4,9,20,2,0.191,592206
Pavin Smith,Diamondbacks,40,122,109,20,3,12,12,2,0.183,656976
Shay Whitcomb,Giants,49,122,116,24,4,9,13,2,0.207,694376
Joey Loperfido,Astros,40,121,103,22,1,13,12,1,0.214,694388
Sean Murphy,Braves,33,121,110,20,3,11,10,0,0.182,669221
Colby Thomas,Athletics,55,121,114,23,4,11,11,1,0.202,687515
Alek Thomas,Dodgers,35,120,113,21,2,13,13,4,0.186,677950
Harry Ford,Nationals,38,118,100,19,3,17,10,3,0.19,695670
Lenyn Sosa,Jays,40,117,113,22,1,11,9,0,0.195,672820
Nick Yorke,Pirates,40,117,104,22,1,7,12,1,0.212,694377
Victor Bericoto,Giants,41,116,112,27,5,9,15,1,0.241,682674
Juan Brito,Reds,33,115,106,26,3,13,14,1,0.245,682877
Josh Rojas,Royals,44,115,106,24,2,11,14,1,0.226,668942
Will Benson,Reds,51,114,96,18,3,11,6,1,0.188,666181
Brandon Lockridge,Brewers,39,113,101,28,0,13,12,6,0.277,663604
Nelson Velázquez,Astros,52,113,101,19,6,12,18,0,0.188,676369
Harrison Bader,Giants,30,111,106,18,5,10,14,0,0.17,664056
Everson Pereira,Cardinals,38,111,98,23,5,10,12,1,0.235,677592
Joshua Báez,Cardinals,29,108,100,23,7,18,18,2,0.23,695491
Tyler Callihan,Pirates,40,107,95,20,3,13,15,1,0.211,682997
Charles McAdoo,Jays,36,106,97,25,3,12,14,2,0.258,807727
Austin Hays,Padres,38,105,100,28,3,16,15,0,0.28,669720
Christopher Morel,Mets,36,105,98,17,1,6,6,1,0.173,666624
Jase Bowen,Padres,83,103,96,14,2,14,7,6,0.146,687749
Leo Bernal,Cardinals,24,102,95,27,5,12,21,0,0.284,699024
Jhonny Pereda,Mariners,31,101,90,27,2,12,8,0,0.3,640902
Blake Perkins,Brewers,55,101,89,14,1,14,11,3,0.157,663368
Ramón Urías,Cardinals,43,100,86,13,4,14,9,0,0.151,602104
Bo Naylor,Brewers,31,98,91,14,3,5,10,0,0.154,666310
Jake Fraley,Rays,31,97,88,19,2,6,5,3,0.216,641584
Cody Freeman,Rangers,36,97,85,21,1,8,6,1,0.247,683227
Enrique Hernández,Dodgers,41,96,90,20,4,12,12,0,0.222,571771
Giancarlo Stanton,Yankees,24,96,90,23,3,8,14,1,0.256,519317
Adael Amador,Rockies,27,95,83,23,4,17,16,0,0.277,691182
Rafael Marchán,Phillies,34,95,91,9,2,5,6,0,0.099,665561
Alan Roden,Twins,32,94,79,23,1,7,14,0,0.291,702176
Walker Jenkins,Twins,26,93,84,19,4,14,10,1,0.226,805805
J.C. Escarra,Yankees,32,92,85,16,0,8,7,0,0.188,641555
Ali Sánchez,Yankees,51,92,86,21,1,7,8,0,0.244,645305
Rodolfo Durán,Padres,39,91,82,12,3,8,8,0,0.146,660710
Grant McCray,Giants,43,91,77,11,2,14,4,8,0.143,687529
Braden Shewmake,Brewers,34,91,85,22,3,12,10,1,0.259,669699
Kahlil Watson,Guardians,27,91,88,21,1,6,11,9,0.239,696135
Gabriel Rincones Jr.,Phillies,29,89,84,14,2,7,7,0,0.167,687282
Austin Wynns,Rangers,34,89,82,12,1,4,1,0,0.146,642851
Denzel Clarke,Athletics,40,87,76,12,0,6,6,4,0.158,672016
Max Schuemann,Yankees,43,87,72,14,2,17,8,3,0.194,680474
Bryan De La Cruz,Phillies,34,86,75,21,2,10,12,0,0.28,650559
Braxton Fulford,Rockies,47,85,74,13,1,12,7,4,0.176,690924
Brian Serven,Athletics,29,85,80,14,5,8,14,0,0.175,661531
Eric Haase,Giants,29,84,74,12,4,8,9,0,0.162,606992
Travis d'Arnaud,Angels,32,84,76,12,1,7,3,0,0.158,518595
Jarred Kelenic,Rangers,36,83,73,16,1,5,6,0,0.219,672284
Andrew McCutchen,Rangers,37,83,73,14,1,8,5,0,0.192,457705
Joey Wiemer,Nationals,32,83,70,20,3,16,12,1,0.286,686894
Zach Dezenzo,Astros,35,82,75,16,1,11,3,1,0.213,701305
Brett Callahan,Tigers,33,80,71,15,1,4,8,1,0.211,814430
Andrew Knizner,Giants,29,80,73,16,2,8,4,0,0.219,668800
John Peck,Tigers,24,80,68,11,0,3,7,5,0.162,807726
Zac Veen,Rockies,36,79,69,16,3,10,13,2,0.232,691728
Sterlin Thompson,Rockies,27,77,69,16,2,7,10,0,0.232,694514
Bryce Teodosio,Angels,43,76,70,15,0,8,6,5,0.214,669326
Joshua Kuroda-Grauer,Athletics,21,74,71,26,1,8,4,0,0.366,811965
Austin Slater,Rays,28,74,65,15,0,6,3,4,0.231,596103
Romy Gonzalez,Sox,19,73,65,12,1,7,7,1,0.185,663853
Alex Jackson,Twins,33,73,69,21,1,12,5,0,0.304,656577
Brock Rodden,Mariners,30,72,61,12,0,8,4,0,0.197,801126
Rece Hinds,Orioles,25,71,63,9,0,2,6,0,0.143,677956
Ronny Simon,Pirates,21,68,63,16,1,11,4,4,0.254,682927
Sean Keys,Jays,25,67,61,12,2,9,9,0,0.197,815873
Cam Cauley,Rangers,34,65,58,12,1,10,1,1,0.207,695508
Garrett Stubbs,Phillies,37,65,59,9,0,11,3,0,0.153,596117
Nick Madrigal,Rays,19,63,54,15,0,8,3,1,0.278,663611
Lucas Spence,Astros,19,63,55,12,4,9,12,0,0.218,828599
Ronny Mauricio,Mets,20,62,59,13,4,7,8,0,0.22,677595
Yohel Pozo,Orioles,37,62,60,15,1,4,7,1,0.25,650968
Zack Short,Mets,29,62,50,7,0,4,2,0,0.14,670097
Brian Navarreto,Marlins,32,61,52,7,1,8,3,0,0.135,640459
Nate Eaton,Sox,24,60,50,8,1,4,6,2,0.16,681987
Santiago Espinal,Dodgers,36,60,56,15,1,5,7,0,0.268,669289
Ryan Ward,Dodgers,20,60,55,12,3,8,12,0,0.218,669899
Christian Franklin,Orioles,21,59,50,9,0,6,1,3,0.18,681047
Lazaro Montes,Mariners,21,59,52,11,4,7,11,0,0.212,703155
Luis Urías,Jays,26,59,52,13,3,5,8,0,0.25,649966
Billy Cook,Pirates,87,58,56,10,0,13,3,6,0.179,695257
Jonathan India,Royals,17,58,48,8,2,8,8,0,0.167,663697
Jesus Rodriguez,Giants,22,58,51,12,2,7,8,1,0.235,683679
Sebastián Rivero,Angels,24,57,53,13,0,5,8,0,0.245,665861
LuJames Groover,Diamondbacks,15,54,48,8,1,4,4,0,0.167,694410
Zach Cole,Astros,19,53,51,8,3,4,8,0,0.157,805904
Eric Wagaman,Mets,26,52,47,9,2,5,5,0,0.191,676572
Brett Harris,Giants,21,51,44,6,0,3,2,0,0.136,695391
Chadwick Tromp,Orioles,21,51,49,8,0,2,4,0,0.163,644433
Orlando Arcia,Twins,19,50,48,13,1,6,2,0,0.271,606115
Jhostynxon Garcia,Pirates,20,50,48,8,0,2,2,0,0.167,691373
Carlos Jorge,Reds,18,50,46,10,1,5,2,2,0.217,699115
Patrick Wisdom,Mariners,19,50,47,5,1,3,4,0,0.106,621550
