Name,Team,W,L,SV,G,GS,IP,SO,ER,BB,H,ERA,WHIP,MLBAMID
Sandy Alcantara,Marlins,13,11,3,36,33,214.0,153,92,59,204,3.87,1.23,645261
Cristopher Sánchez,Phillies,18,7,0,33,33,207.0,231,67,45,204,2.91,1.2,650911
Michael Wacha,Royals,9,10,0,32,32,200.7,158,74,54,168,3.32,1.11,608379
Cam Schlittler,Yankees,14,6,0,33,33,193.7,239,42,49,129,1.95,0.92,693645
Eduardo Rodriguez,Diamondbacks,16,7,0,32,32,189.7,143,61,62,173,2.89,1.24,593958
Tanner Bibee,Guardians,7,15,0,33,33,188.0,148,91,55,175,4.36,1.22,676440
Parker Messick,Guardians,12,9,0,32,32,186.3,193,53,49,149,2.56,1.06,800048
Logan Gilbert,Mariners,12,11,0,32,32,186.0,205,77,49,153,3.73,1.09,669302
Reid Detmers,Angels,7,8,0,32,32,185.0,211,69,48,144,3.36,1.04,672282
Michael King,Padres,12,10,0,32,32,185.0,159,66,70,148,3.21,1.18,650633
Yoshinobu Yamamoto,Dodgers,14,9,0,28,28,185.0,182,52,42,119,2.53,0.87,808967
Gavin Williams,Guardians,14,8,0,32,32,184.3,248,77,61,144,3.76,1.11,668909
Nick Martinez,Rays,15,6,0,31,31,180.0,109,62,26,171,3.1,1.09,607259
Shane Baz,Orioles,6,15,0,31,31,179.7,154,82,63,179,4.11,1.35,669358
Jesús Luzardo,Phillies,14,5,0,30,29,179.7,221,57,52,141,2.86,1.07,666200
Nolan McLean,Mets,12,10,0,31,31,179.7,194,63,70,140,3.16,1.17,690997
Taj Bradley,Twins,12,6,0,31,31,178.3,205,74,76,142,3.73,1.22,671737
Kevin Gausman,Cubs,9,12,0,32,32,177.7,184,89,47,179,4.51,1.27,592332
Noah Cameron,Royals,9,8,0,31,30,177.3,158,81,58,160,4.11,1.23,702070
José Soriano,Jays,12,8,0,32,32,177.3,169,77,73,155,3.91,1.29,667755
Aaron Nola,Phillies,7,12,0,33,33,175.3,177,91,59,177,4.67,1.35,605400
George Kirby,Mariners,9,11,0,30,30,174.7,148,84,47,197,4.33,1.4,669923
Jacob Misiorowski,Brewers,16,5,0,30,30,174.7,252,35,44,96,1.8,0.8,694819
Shota Imanaga,Cubs,11,10,0,32,32,174.3,174,73,37,154,3.77,1.1,684007
Paul Skenes,Pirates,10,11,0,32,32,174.3,200,74,49,146,3.82,1.12,694973
Framber Valdez,Tigers,10,12,0,31,31,174.0,135,78,67,170,4.03,1.36,664285
MacKenzie Gore,Rangers,8,11,0,34,34,173.0,174,88,71,160,4.58,1.34,669022
Bryan Woo,Mariners,12,10,0,30,30,173.0,175,77,39,152,4.01,1.1,693433
Foster Griffin,Guardians,15,6,0,31,31,172.7,158,69,45,164,3.6,1.21,656492
Sean Burke,Sox,11,7,0,32,27,172.3,185,64,62,144,3.34,1.2,680732
Seth Lugo,Royals,7,9,0,32,32,172.3,134,99,54,200,5.17,1.47,607625
Drew Rasmussen,Rays,16,5,0,30,30,172.0,174,51,32,125,2.67,0.91,656876
Cade Cavalli,Nationals,13,5,0,32,32,169.7,200,57,48,148,3.02,1.16,676917
Trevor Rogers,Orioles,10,11,0,30,30,169.7,157,76,39,162,4.03,1.18,669432
Dylan Cease,Jays,11,6,0,29,29,169.0,239,45,78,108,2.4,1.1,656302
Sonny Gray,Sox,18,5,0,29,29,169.0,149,51,46,148,2.72,1.15,543243
Freddy Peralta,Rays,10,11,0,32,32,169.0,156,83,63,161,4.42,1.33,642547
Michael McGreevy,Cardinals,7,9,0,31,31,168.7,115,74,48,168,3.95,1.28,700241
Andrew Abbott,Reds,6,11,0,32,32,166.0,131,85,76,165,4.61,1.45,671096
Robbie Ray,Padres,13,8,0,31,30,165.7,140,66,84,140,3.59,1.35,592662
Braxton Ashcraft,Pirates,14,6,0,28,28,165.3,173,67,35,145,3.65,1.09,677952
Chris Sale,Braves,14,9,0,27,27,162.7,200,39,31,129,2.16,0.98,519242
Jacob deGrom,Rangers,11,11,0,31,31,162.7,201,76,46,139,4.2,1.14,594798
Merrill Kelly,Diamondbacks,10,14,0,29,29,162.0,113,89,70,166,4.94,1.46,518876
Andre Pallante,Cardinals,12,9,0,29,29,162.0,110,69,50,156,3.83,1.27,669467
Zack Wheeler,Phillies,14,5,0,28,28,162.0,193,54,47,123,3.0,1.05,554430
Logan Webb,Giants,8,9,0,27,27,160.7,134,77,41,147,4.31,1.17,657277
Joey Cantillo,Guardians,11,9,0,33,30,159.0,171,64,81,144,3.62,1.42,676282
Eury Pérez,Marlins,8,11,0,30,29,159.0,170,69,68,124,3.91,1.21,691587
Tarik Skubal,Dodgers,12,7,0,26,26,158.7,186,48,27,126,2.72,0.96,669373
Anthony Kay,Sox,10,9,0,33,31,158.0,129,78,56,161,4.44,1.37,641743
Brady Singer,Reds,6,15,0,31,31,157.0,126,102,62,188,5.85,1.59,663903
Brandon Young,Orioles,9,6,0,28,28,156.7,133,62,61,150,3.56,1.35,687064
Will Warren,Yankees,11,6,0,32,29,156.0,158,68,54,159,3.92,1.37,701542
Peter Lambert,Astros,8,10,0,29,29,155.7,154,66,59,136,3.82,1.25,663567
Kyle Bradish,Orioles,7,14,0,29,29,155.0,142,71,70,156,4.12,1.46,680694
Matthew Liberatore,Cardinals,6,14,0,31,31,155.0,154,90,55,173,5.23,1.47,669461
Keider Montero,Tigers,10,9,1,32,25,155.0,107,60,37,124,3.48,1.04,672456
Landen Roupp,Giants,9,14,0,29,29,155.0,143,69,75,126,4.01,1.3,694738
Chase Burns,Reds,15,3,0,29,29,154.3,185,49,56,124,2.86,1.17,695505
Tomoyuki Sugano,Rockies,12,12,0,29,29,154.3,96,92,36,167,5.37,1.32,608372
Bubba Chandler,Pirates,8,10,0,31,30,154.0,140,79,80,136,4.62,1.4,696149
Walker Buehler,Padres,9,6,0,32,32,153.7,131,79,57,150,4.63,1.35,621111
Grant Holmes,Braves,10,6,0,31,29,151.7,115,58,62,136,3.44,1.31,656550
Sean Manaea,Mets,6,8,0,33,19,150.7,144,80,44,152,4.78,1.3,640455
Bryce Elder,Braves,8,8,0,26,26,149.0,121,68,49,140,4.11,1.27,693821
Tyler Mahle,Braves,7,10,0,27,27,149.0,137,66,46,138,3.99,1.23,641816
Payton Tolle,Sox,9,6,0,26,26,148.7,171,50,40,123,3.03,1.1,801139
David Peterson,Cubs,9,8,1,32,23,148.3,137,79,65,157,4.79,1.5,656849
Ranger Suarez,Sox,8,5,0,28,28,148.3,140,53,46,130,3.22,1.19,624133
Walbert Ureña,Angels,9,11,0,29,27,148.3,142,49,68,114,2.97,1.23,700712
Kumar Rocker,Rangers,6,11,0,30,27,148.0,138,72,61,147,4.38,1.41,677958
Davis Martin,Sox,9,8,0,29,28,146.0,122,64,46,146,3.95,1.32,663436
Nathan Eovaldi,Rangers,11,10,0,27,23,145.7,144,68,35,142,4.2,1.22,543135
Dustin May,Brewers,7,9,0,31,31,145.7,144,76,50,142,4.7,1.32,669160
Joe Ryan,Twins,7,10,0,27,27,144.7,159,61,31,137,3.79,1.16,657746
Jeffrey Springs,Athletics,4,14,0,29,29,142.7,112,98,57,152,6.18,1.46,605488
Martín Pérez,Braves,9,9,0,30,26,142.0,102,48,62,119,3.04,1.27,527048
Erick Fedde,Sox,8,9,0,33,15,141.0,99,60,52,139,3.83,1.35,607200
Randy Vásquez,Padres,10,6,0,32,23,140.7,87,61,37,141,3.9,1.27,681190
Kyle Leahy,Cardinals,10,5,0,30,30,140.0,132,57,41,147,3.66,1.34,681517
Justin Wrobleski,Dodgers,12,5,0,28,22,140.0,118,57,31,129,3.66,1.14,680736
Emerson Hancock,Mariners,7,8,0,25,25,138.7,126,55,32,126,3.57,1.14,676106
J.T. Ginn,Athletics,9,8,0,27,24,138.3,121,57,57,114,3.71,1.24,669372
Ryan Weathers,Yankees,5,8,0,25,25,137.3,143,55,38,130,3.6,1.22,677960
Colin Rea,Cubs,8,8,2,34,19,137.0,101,66,47,135,4.34,1.33,607067
Brandon Pfaadt,Diamondbacks,8,3,0,29,19,136.0,94,57,32,129,3.77,1.18,694297
Kyle Freeland,Rockies,4,12,0,26,26,135.3,108,100,29,177,6.65,1.52,607536
Rhett Lowder,Reds,7,12,0,29,26,133.3,103,85,56,147,5.74,1.52,695076
Ian Seymour,Rays,9,7,2,47,16,132.7,158,62,36,114,4.21,1.13,693855
Casey Mize,Padres,6,10,0,26,26,131.3,110,63,38,123,4.32,1.23,663554
Bailey Ober,Twins,7,7,1,25,24,131.0,96,65,37,133,4.47,1.3,641927
Luis Castillo,Sox,4,11,0,29,23,130.7,112,85,44,151,5.85,1.49,622491
Zebby Matthews,Twins,9,11,0,23,23,130.3,116,71,39,125,4.9,1.26,805673
Michael Lorenzen,Jays,3,13,1,32,25,127.3,90,102,54,186,7.21,1.88,547179
Gerrit Cole,Yankees,10,9,0,22,22,127.0,131,51,25,115,3.61,1.1,543037
Matthew Boyd,Cubs,10,5,0,22,22,126.7,96,55,39,114,3.91,1.21,571510
Andrew Painter,Phillies,3,10,0,25,23,126.7,115,76,47,132,5.4,1.41,691725
Tyler Phillips,Marlins,5,6,2,37,20,126.7,101,47,56,112,3.34,1.33,663969
Connor Prielipp,Twins,6,7,0,24,22,125.7,128,68,44,118,4.87,1.29,687570
Shane Drohan,Brewers,7,5,2,33,19,124.7,125,58,44,121,4.19,1.32,675660
Zack Littell,Diamondbacks,8,8,0,26,14,124.3,73,72,39,136,5.21,1.41,641793
Janson Junk,Marlins,6,9,0,26,25,123.7,89,58,33,127,4.22,1.29,676083
Ryan Feltner,Rockies,7,10,0,26,22,123.3,92,74,53,133,5.4,1.51,663372
Jacob Lopez,Athletics,7,5,0,27,24,123.3,112,75,58,126,5.47,1.49,682052
Carmen Mlodzinski,Pirates,8,7,2,37,12,123.0,97,54,44,125,3.95,1.37,669387
Roki Sasaki,Dodgers,5,5,0,26,23,122.3,123,61,48,113,4.49,1.32,808963
Slade Cecconi,Guardians,5,7,0,28,21,121.0,99,66,39,134,4.91,1.43,677944
Jack Perkins,Athletics,3,13,3,37,17,121.0,140,82,51,125,6.1,1.45,678022
Bryce Miller,Mariners,4,10,0,22,21,118.7,119,55,38,100,4.17,1.16,682243
Shane McClanahan,Rays,10,7,0,24,24,118.0,106,44,39,93,3.36,1.12,663556
Brayan Bello,Sox,6,7,1,26,11,116.3,92,56,36,123,4.33,1.37,678394
Miles Mikolas,Nationals,3,9,0,25,11,116.0,58,75,23,137,5.82,1.38,571945
Michael Soroka,Diamondbacks,9,5,0,22,21,116.0,114,44,29,97,3.41,1.09,647336
Kyle Harrison,Brewers,11,5,0,28,24,115.7,141,54,36,120,4.2,1.35,690986
Mitch Keller,Pirates,6,8,0,22,22,115.7,89,68,42,117,5.29,1.37,656605
Troy Melton,Tigers,8,5,0,20,20,114.3,94,35,37,92,2.76,1.13,675512
Jake Bennett,Sox,9,7,0,20,19,113.3,91,46,21,104,3.65,1.1,687562
Andrew Alvarez,Nationals,2,6,1,25,17,112.7,114,43,51,95,3.43,1.3,674841
Max Fried,Yankees,5,5,0,20,20,112.7,104,35,33,79,2.8,0.99,608331
Griffin Jax,Rays,8,10,0,34,23,112.3,116,44,35,97,3.53,1.18,643377
Emmet Sheehan,Dodgers,5,8,0,23,22,112.3,132,57,33,99,4.57,1.18,686218
Aaron Civale,Cubs,6,8,2,34,15,111.3,91,52,35,125,4.2,1.44,650644
Max Meyer,Marlins,9,1,0,20,20,111.0,121,33,41,85,2.68,1.14,676974
Spencer Arrighetti,Jays,9,9,0,24,19,110.7,106,61,64,89,4.96,1.38,681293
Cal Quantrill,Rangers,9,5,0,32,15,110.0,81,35,25,89,2.86,1.04,615698
Christian Scott,Mets,4,5,0,23,23,110.0,134,47,47,93,3.85,1.27,681035
Adrian Houser,Giants,4,7,0,26,16,109.7,75,49,34,109,4.02,1.3,605288
Robert Gasser,Brewers,5,5,0,21,20,109.3,103,47,35,95,3.87,1.19,688107
Nick Lodolo,Reds,3,6,0,21,21,108.7,83,60,46,115,4.97,1.48,666157
Eric Lauer,Dodgers,8,7,0,22,18,108.3,72,63,35,107,5.23,1.31,641778
Drew Anderson,Tigers,5,7,2,49,11,108.0,114,44,43,94,3.67,1.27,623454
Hunter Brown,Astros,6,4,0,20,20,107.3,124,38,55,81,3.19,1.27,686613
Jake Irvin,Nationals,2,10,0,22,20,106.7,110,65,48,100,5.48,1.39,663623
Chad Patrick,Brewers,9,4,6,57,6,106.0,93,40,47,84,3.4,1.24,694477
Zac Gallen,Diamondbacks,3,9,0,22,20,105.3,64,71,35,128,6.07,1.55,668678
Tanner Gordon,Rockies,1,6,0,24,12,103.7,85,77,24,148,6.68,1.66,685299
Chris Bassitt,Orioles,9,5,0,20,18,102.0,74,52,38,120,4.59,1.55,605135
Jared Jones,Pirates,5,6,0,21,21,101.7,123,42,31,79,3.72,1.08,683003
Clay Holmes,Cubs,6,8,0,18,18,101.3,78,37,42,79,3.29,1.19,605280
Ryan Johnson,Angels,5,9,0,22,19,100.0,79,56,43,96,5.04,1.39,696270
Gage Jump,Athletics,6,11,0,20,20,98.7,108,60,46,104,5.47,1.52,695611
Grayson Rodriguez,Angels,5,8,0,20,20,98.7,85,66,43,111,6.02,1.56,680570
Logan Henderson,Brewers,11,3,0,18,18,98.3,110,27,19,64,2.47,0.84,701656
Trey Yesavage,Jays,5,6,0,20,20,97.7,97,40,47,64,3.69,1.14,702056
Brandon Sproat,Brewers,3,7,0,22,19,97.0,101,60,52,88,5.57,1.44,687075
AJ Blubaugh,Astros,5,3,1,64,0,96.0,94,39,42,76,3.66,1.23,805123
Spencer Miles,Jays,6,2,2,49,8,95.7,93,28,25,80,2.63,1.1,693686
Mike Burrows,Astros,4,9,0,18,17,94.7,75,63,35,112,5.99,1.55,681347
Connelly Early,Nationals,7,5,0,18,18,94.7,94,35,34,82,3.33,1.23,813349
Javier Assad,Cubs,6,2,2,28,11,94.3,63,38,27,81,3.63,1.14,665871
Zach Agnos,Rockies,0,2,2,41,3,91.0,58,60,35,102,5.93,1.51,688642
Brent Suter,Braves,3,2,0,54,4,91.0,78,34,25,86,3.36,1.22,608718
Dean Kremer,Twins,5,5,0,17,17,90.3,86,47,29,74,4.68,1.14,665152
Sean Newcomb,Sox,2,5,4,60,6,90.3,84,31,34,73,3.09,1.18,656794
Aaron Ashby,Brewers,13,3,4,75,1,89.3,116,31,41,76,3.12,1.31,676879
Griffin Canning,Padres,5,9,0,30,11,88.7,87,56,41,94,5.68,1.52,656288
Jack Flaherty,Tigers,3,8,0,20,19,88.3,103,44,42,81,4.48,1.39,656427
Ryan Gusto,Marlins,1,5,0,23,18,88.0,74,40,28,99,4.09,1.44,687473
Ryne Nelson,Diamondbacks,3,5,0,19,15,87.3,66,48,24,86,4.95,1.26,669194
Lake Bachar,Pirates,2,4,2,53,12,86.7,93,33,36,61,3.43,1.12,669199
Daniel Lynch IV,Royals,6,6,1,56,10,86.0,56,39,26,73,4.08,1.15,663738
Adrian Morejon,Padres,9,3,3,76,0,86.0,107,27,28,65,2.83,1.08,670970
Jameson Taillon,Jays,2,6,0,18,18,86.0,76,54,32,85,5.65,1.36,592791
Shohei Ohtani,Dodgers,8,2,0,14,14,85.7,95,17,26,55,1.79,0.95,660271
Paul Blackburn,Yankees,7,3,1,62,2,85.0,69,16,33,60,1.69,1.09,621112
Yohan Ramírez,Pirates,7,4,2,66,1,85.0,102,27,44,57,2.86,1.19,670990
Max Scherzer,Jays,4,9,0,18,18,84.7,68,54,35,78,5.74,1.33,453286
Carlos Rodón,Yankees,7,3,0,16,16,84.3,91,25,38,51,2.67,1.06,607074
Zac Thornton,Mets,5,6,0,15,15,84.3,63,32,18,78,3.42,1.14,804267
Grant Taylor,Sox,7,3,10,60,4,84.0,106,21,30,60,2.25,1.07,691799
Brad Lord,Nationals,5,2,1,40,5,83.3,77,35,33,69,3.78,1.22,695418
Trevor Richards,Sox,0,1,2,54,0,83.0,73,34,26,70,3.69,1.16,670950
Gordon Graceffo,Cardinals,8,2,1,62,1,81.0,63,24,36,53,2.67,1.1,700669
Steven Matz,Rays,6,6,1,36,11,80.3,61,49,25,74,5.49,1.23,571927
Edward Cabrera,Cubs,5,5,0,18,15,80.0,71,53,36,83,5.96,1.49,665795
Patrick Corbin,Jays,3,4,1,19,15,80.0,63,49,25,98,5.51,1.54,571578
Jack Leiter,Rangers,3,7,0,15,15,80.0,83,47,35,80,5.29,1.44,683004
Reynaldo López,Braves,4,5,0,26,13,79.3,73,40,34,80,4.54,1.44,625643
Brent Headrick,Yankees,7,4,0,81,0,78.3,98,19,27,68,2.18,1.21,687396
Louis Varland,Jays,5,6,35,71,0,78.0,97,11,23,55,1.27,1.0,686973
Justin Bruihl,Cardinals,1,1,0,73,0,77.7,53,32,28,75,3.71,1.33,677865
Wandy Peralta,Padres,3,3,0,65,5,77.3,50,31,23,79,3.61,1.32,593974
Tatsuya Imai,Astros,6,4,0,23,15,76.7,97,42,51,58,4.93,1.42,837227
Braydon Fisher,Jays,3,4,1,75,10,75.7,74,27,44,52,3.21,1.27,680755
Brock Burke,Reds,6,5,2,77,0,74.3,74,19,40,54,2.3,1.26,656271
Randy Dobnak,Royals,3,5,0,15,13,74.3,49,29,26,78,3.51,1.4,677976
Noah Schultz,Sox,4,9,0,19,14,74.3,67,46,31,68,5.57,1.33,702273
Tyler Glasnow,Dodgers,5,2,0,13,13,74.0,98,29,25,45,3.53,0.95,607192
Bradgley Rodriguez,Padres,4,3,2,68,4,74.0,81,18,20,59,2.19,1.07,699134
Cade Smith,Guardians,6,1,41,69,0,74.0,107,16,23,48,1.95,0.96,671922
Kevin Kelly,Rays,6,4,4,71,0,73.7,63,20,11,55,2.44,0.9,687330
Andrew Morris,Twins,4,8,5,64,3,73.7,69,36,27,74,4.4,1.37,702193
Kai-Wei Teng,Astros,5,7,0,30,10,73.7,73,39,33,69,4.76,1.38,678906
Didier Fuentes,Braves,7,2,3,58,1,73.3,92,20,21,60,2.45,1.1,800311
JR Ritchie,Braves,1,5,1,17,11,73.3,68,40,43,65,4.91,1.47,702275
Antonio Senzatela,Brewers,11,5,4,57,0,73.3,60,33,26,73,4.05,1.35,622608
Tyler Alexander,Rangers,5,2,4,75,5,73.0,60,30,23,73,3.7,1.32,641302
Taylor Clarke,Diamondbacks,2,4,0,71,2,73.0,45,24,14,59,2.96,1.0,664199
Luis Medina,Athletics,6,3,0,60,1,73.0,93,25,39,63,3.08,1.4,665622
Tyler Holton,Tigers,2,5,2,67,3,72.0,55,22,19,71,2.75,1.25,663947
Jacob Latz,Rangers,3,4,30,58,1,72.0,83,17,23,35,2.12,0.81,656641
Ryan Watson,Angels,1,1,4,53,0,72.0,65,32,23,68,4.0,1.26,670245
Tyler Wells,Rays,5,2,6,57,0,72.0,72,19,18,47,2.38,0.9,669330
Casey Legumina,Rays,2,2,0,55,6,71.7,55,30,19,73,3.77,1.28,668984
Enyel De Los Santos,Astros,3,3,5,66,0,71.3,67,38,20,69,4.79,1.25,660853
Tyler Rogers,Jays,2,3,4,74,0,71.0,40,14,22,61,1.77,1.17,643511
Hogan Harris,Athletics,4,2,17,74,0,70.3,88,26,42,60,3.33,1.45,663687
Trevor McDonald,Giants,3,7,0,14,14,70.3,57,40,23,69,5.12,1.31,686790
Patrick Sandoval,Sox,1,7,0,15,13,70.3,73,40,32,86,5.12,1.68,663776
Luinder Avila,Royals,5,4,0,21,12,70.0,61,43,42,71,5.53,1.61,679883
Juan Mejia,Rockies,4,6,4,65,1,70.0,66,41,40,78,5.27,1.69,675848
Mason Miller,Padres,5,2,38,66,0,70.0,129,13,26,37,1.67,0.9,695243
Ryan Zeferjahn,Cubs,4,4,7,65,0,69.7,94,30,40,49,3.88,1.28,666171
David Bednar,Yankees,7,3,35,64,0,69.3,76,19,20,52,2.47,1.04,670280
Mason Montgomery,Pirates,6,4,18,70,5,68.7,105,22,26,45,2.88,1.03,682254
Calvin Faucher,Marlins,5,5,3,69,0,68.3,73,27,37,53,3.56,1.32,676534
Ben Brown,Cubs,4,2,1,20,8,68.0,65,14,19,45,1.85,0.94,676962
Kevin Ginkel,Diamondbacks,6,4,3,74,0,67.7,72,31,17,59,4.12,1.12,656464
Yusei Kikuchi,Angels,1,7,0,14,14,67.7,67,37,30,74,4.92,1.54,579328
Steven Okert,Astros,6,2,0,68,1,67.7,68,16,14,45,2.13,0.87,595345
Eduard Bazardo,Mariners,4,4,1,73,0,67.3,70,30,25,73,4.01,1.46,660825
Bryan Hudson,Sox,5,4,8,70,9,67.3,59,28,18,68,3.74,1.28,663542
Tim Mayza,Phillies,3,4,0,60,6,67.3,64,26,18,58,3.48,1.13,641835
Huascar Brazobán,Sox,6,2,0,60,6,67.0,56,22,29,44,2.96,1.09,623211
Rico Garcia,Orioles,5,1,10,75,0,67.0,68,23,22,43,3.09,0.97,670329
Yoendrys Gómez,Twins,3,4,22,65,0,67.0,65,32,39,58,4.3,1.45,672782
Dylan Lee,Braves,6,1,0,71,0,67.0,77,23,17,48,3.09,0.97,669276
Jonathan Loáisiga,Diamondbacks,7,3,2,67,0,67.0,48,18,13,56,2.42,1.03,642528
Gregory Soto,Pirates,6,5,16,69,0,67.0,79,27,29,49,3.63,1.16,642397
Jacob Webb,Cubs,6,5,9,68,0,67.0,73,25,25,59,3.36,1.25,657097
Matt Festa,Guardians,2,3,1,66,0,66.7,69,28,21,66,3.78,1.3,670036
Jeff Hoffman,Twins,6,8,6,71,0,66.0,102,26,30,57,3.55,1.32,656546
George Soriano,Cardinals,6,5,4,70,0,66.0,66,31,35,57,4.23,1.39,666277
Simeon Woods Richardson,Jays,2,7,0,20,10,66.0,40,49,37,79,6.68,1.76,680573
Jovani Morán,Sox,2,3,0,50,3,65.7,73,23,33,42,3.15,1.14,663558
Michael Petersen,Marlins,4,4,1,65,0,65.7,81,22,29,45,3.02,1.13,656848
Jack Dreyer,Dodgers,5,2,2,67,3,64.7,73,23,23,48,3.2,1.1,676263
José A. Ferrer,Mariners,4,4,3,73,0,64.7,54,30,20,75,4.18,1.47,678606
Juan Morillo,Diamondbacks,5,4,3,70,0,64.3,74,16,23,45,2.24,1.06,666661
Brennan Bernardino,Rockies,4,3,2,74,2,64.0,49,20,15,59,2.81,1.16,657514
Kyle Hart,Padres,1,3,0,46,4,64.0,59,35,26,51,4.92,1.2,606996
Gabriel Hughes,Rockies,0,8,1,14,13,64.0,56,45,24,68,6.33,1.44,687312
Jack Kochanowicz,Angels,2,5,0,13,13,64.0,47,44,36,65,6.19,1.58,686799
Yuki Matsui,Padres,5,1,1,54,0,64.0,68,13,36,37,1.83,1.14,673513
Riley O'Brien,Cardinals,3,9,38,66,0,64.0,64,29,29,53,4.08,1.28,676617
Tanner Scott,Dodgers,1,6,25,69,0,63.7,82,19,15,48,2.69,0.99,656945
Ryan Yarbrough,Yankees,2,1,3,38,2,63.3,49,26,23,54,3.69,1.22,642232
Cristian Javier,Astros,2,6,0,17,12,63.0,59,36,28,64,5.14,1.46,664299
Ryan Rolison,Cubs,9,2,3,60,2,63.0,55,22,28,53,3.14,1.29,669020
Albert Suárez,Orioles,3,0,1,28,0,63.0,46,27,20,57,3.86,1.22,544150
Bryan Abreu,Astros,6,4,9,66,0,62.7,80,26,41,44,3.73,1.36,650556
Mason Fluharty,Jays,7,1,1,83,4,62.7,65,23,28,50,3.3,1.24,689254
Luis Severino,Athletics,2,6,0,12,12,62.7,65,29,31,61,4.16,1.47,622663
Ryne Stanek,Cardinals,2,3,2,70,0,62.7,65,28,32,52,4.02,1.34,592773
Bryan Baker,Rays,4,2,41,65,0,62.3,63,10,22,35,1.44,0.91,641329
Seranthony Domínguez,Mariners,5,3,12,67,0,62.0,65,25,31,46,3.63,1.24,622554
Trevor Megill,Brewers,3,3,30,63,0,61.7,69,18,15,40,2.63,0.89,656730
DL Hall,Brewers,4,0,0,47,1,61.3,64,13,35,29,1.91,1.04,669084
Kodai Senga,Mets,0,9,8,31,8,61.3,75,50,41,60,7.34,1.65,673540
José Suarez,Athletics,1,4,1,45,2,61.3,61,40,27,72,5.87,1.61,660761
Hayden Wesneski,Astros,6,2,0,11,11,61.0,46,22,20,49,3.25,1.13,669713
Camilo Doval,Giants,3,2,1,66,0,60.7,66,28,33,57,4.15,1.48,666808
Kyle Finnegan,Tigers,3,1,2,63,0,60.7,47,29,34,67,4.3,1.66,640448
Bryan King,Astros,3,6,6,60,1,60.7,51,35,23,69,5.19,1.52,687911
Greg Weissert,Sox,4,2,1,63,0,60.7,60,22,20,55,3.26,1.24,669711
JT Brubaker,Giants,0,0,2,41,1,60.3,39,24,26,49,3.58,1.24,664141
Hunter Gaddis,Guardians,6,3,1,68,0,60.3,57,20,22,55,2.98,1.28,683769
Taylor Rogers,Twins,6,4,2,65,0,60.3,54,29,31,65,4.33,1.59,573124
John Schreiber,Yankees,2,4,2,66,0,60.3,40,22,26,49,3.28,1.24,670167
Luke Weaver,Pirates,4,1,1,60,0,60.3,65,18,16,42,2.69,0.96,596133
Mitch Farris,Angels,1,4,1,33,0,60.0,63,27,29,60,4.05,1.48,815083
Edgardo Henriquez,Dodgers,4,1,2,61,1,60.0,71,19,25,37,2.85,1.03,683618
Raisel Iglesias,Braves,1,2,34,59,0,60.0,64,17,17,48,2.55,1.08,628452
Alex Lange,Royals,2,7,10,59,0,60.0,60,45,33,65,6.75,1.63,656638
Chase Silseth,Rangers,3,4,0,73,0,60.0,74,24,35,55,3.6,1.5,681217
Tommy Nance,Twins,3,3,0,57,0,59.7,68,26,24,59,3.92,1.39,667297
Anthony Nunez,Orioles,3,2,3,52,0,59.7,66,27,26,47,4.07,1.22,689296
Jhoan Duran,Phillies,2,6,33,61,0,59.3,84,12,10,49,1.82,0.99,661395
Abner Uribe,Brewers,6,3,6,61,0,59.3,62,13,19,42,1.97,1.03,682842
Travis Adams,Twins,3,0,3,40,0,59.0,62,30,25,53,4.58,1.32,701519
Grant Anderson,Brewers,3,3,0,52,0,59.0,52,22,23,43,3.36,1.12,681982
Steven Cruz,Royals,2,4,8,56,2,58.7,65,28,20,54,4.3,1.26,674444
Tim Hill,Yankees,5,2,2,67,0,58.7,25,30,13,54,4.6,1.14,657612
Victor Vodnik,Marlins,3,3,4,53,0,58.7,44,32,33,58,4.91,1.55,680767
José Alvarado,Phillies,5,4,1,68,0,58.3,70,38,31,65,5.86,1.65,621237
Orion Kerkering,Phillies,7,1,2,62,0,58.0,63,32,34,50,4.97,1.45,689147
Alex Vesia,Dodgers,3,1,3,72,0,58.0,74,17,32,30,2.64,1.07,681911
Ron Marinaccio,Reds,1,0,0,41,0,57.7,48,39,27,61,6.09,1.53,676760
Tyler Kinley,Tigers,7,5,1,64,0,57.3,48,22,26,40,3.45,1.15,641755
Andrés Muñoz,Mariners,5,6,28,61,0,57.3,89,27,24,46,4.24,1.22,662253
Chris Paddack,Rangers,0,7,0,14,9,57.0,40,43,19,76,6.79,1.67,663978
Tim Herrin,Guardians,3,4,0,67,0,56.7,54,19,28,46,3.02,1.31,682120
Dennis Santana,Diamondbacks,2,5,3,57,0,56.7,49,35,25,56,5.56,1.43,642701
Blade Tidwell,Giants,1,2,1,17,9,56.7,46,28,21,46,4.45,1.18,694918
Jonathan Bowlan,Phillies,2,2,2,59,0,56.3,73,21,15,43,3.36,1.03,680742
Sam Moll,Reds,2,7,1,65,0,56.3,56,30,30,54,4.79,1.49,594580
JoJo Romero,Brewers,3,3,0,55,0,56.3,54,21,18,51,3.36,1.22,668941
Cole Sulser,Rays,1,0,3,51,2,56.3,56,27,17,53,4.31,1.24,642121
Peyton Gray,Rangers,6,0,0,49,0,56.0,60,24,17,56,3.86,1.3,682608
Shane Bieber,Jays,5,2,0,11,11,55.7,44,27,24,55,4.37,1.42,669456
Elvis Alvarado,Athletics,5,4,6,56,0,55.3,65,24,25,44,3.9,1.25,665660
Tejay Antone,Reds,3,2,1,58,0,55.0,57,19,17,43,3.11,1.09,622088
Kris Bubic,Dodgers,4,2,0,14,9,55.0,56,23,26,40,3.76,1.2,663460
Fernando Cruz,Yankees,4,6,2,61,0,54.7,67,19,32,41,3.13,1.34,518585
Jakob Junis,Rangers,1,3,6,53,1,54.3,38,22,18,51,3.64,1.27,596001
Hunter Dobbins,Cardinals,3,3,1,11,8,54.0,52,22,24,49,3.67,1.35,690928
Stephen Kolek,Royals,4,3,0,10,10,54.0,34,27,12,55,4.5,1.24,663568
José Fermin,Angels,4,3,1,53,0,53.7,62,23,25,49,3.86,1.38,820862
Jimmy Herget,Rockies,0,6,3,51,3,53.7,47,34,26,56,5.7,1.53,623474
Tobias Myers,Mets,1,2,2,32,3,53.7,41,33,16,56,5.53,1.34,668964
Chase Shugart,Phillies,2,1,0,46,0,53.7,59,24,20,43,4.02,1.17,663767
Paul Sewald,Jays,2,5,24,62,0,53.3,53,28,13,40,4.72,0.99,623149
Germán Márquez,Padres,4,2,1,13,10,53.0,37,31,24,55,5.26,1.49,608566
Colin Holderman,Guardians,6,4,1,54,0,52.7,50,16,20,35,2.73,1.04,670059
Brooks Raley,Phillies,5,7,1,61,0,52.7,51,19,20,47,3.25,1.27,548384
Brandon Williamson,Reds,5,5,0,12,9,52.7,36,31,30,47,5.3,1.46,682227
Garrett Whitlock,Sox,7,2,4,54,0,52.3,59,10,9,38,1.72,0.9,676477
Grant Wolfram,Orioles,6,4,1,60,0,52.3,61,25,16,53,4.3,1.32,664991
Aroldis Chapman,Sox,3,4,35,53,0,51.7,71,11,23,35,1.92,1.12,547973
Brandyn Garcia,Diamondbacks,0,1,5,57,0,51.3,60,11,11,27,1.93,0.74,805299
Erik Miller,Sox,4,2,5,57,1,51.3,74,17,34,37,2.98,1.38,669062
Kody Funderburk,Twins,3,2,1,58,0,51.0,49,21,27,43,3.71,1.37,681892
Cade Gibson,Marlins,6,2,0,47,1,50.3,44,30,21,49,5.36,1.39,806188
Austin Warren,Mets,2,3,0,41,2,50.3,55,23,24,45,4.11,1.37,681810
Mason Barnett,Athletics,1,4,2,20,6,50.0,50,39,30,53,7.02,1.66,686930
Caleb Thielbar,Cubs,3,4,3,58,0,50.0,60,27,18,47,4.86,1.3,573204
Yennier Cano,Orioles,4,3,3,68,0,49.7,45,16,13,40,2.9,1.07,666974
Will Dion,Nationals,3,2,1,27,1,49.7,55,20,17,42,3.62,1.19,702021
Dylan Dodd,Braves,4,1,2,48,0,49.7,53,14,14,31,2.54,0.91,689266
John King,Marlins,6,2,1,50,1,49.7,33,22,17,33,3.99,1.01,667463
Quinn Mathews,Cardinals,2,4,0,9,9,49.3,46,21,20,48,3.83,1.38,687273
Sam Bachman,Angels,1,3,1,44,0,48.7,49,26,29,41,4.81,1.44,696147
Pierce Johnson,Reds,2,1,1,56,0,48.7,42,25,19,47,4.62,1.36,572955
Lucas Erceg,Royals,4,4,13,52,0,48.3,34,30,32,55,5.59,1.8,668674
Andrew Kittredge,Orioles,3,3,11,55,0,48.3,40,19,11,55,3.54,1.37,552640
Erik Sabrowski,Guardians,5,2,1,60,0,48.3,76,14,31,26,2.61,1.18,681870
Trent Thornton,Cubs,5,5,3,48,0,48.3,31,18,17,41,3.35,1.2,663423
Clayton Beeter,Nationals,6,5,12,50,0,48.0,47,24,31,36,4.5,1.4,690925
Jordan Hicks,Sox,3,2,1,53,2,48.0,64,21,33,41,3.94,1.54,663855
Jose Quintana,Rockies,2,3,0,11,11,48.0,25,29,20,52,5.44,1.5,500779
Cole Winn,Rangers,5,3,1,51,1,48.0,49,30,16,54,5.62,1.46,668390
Caleb Kilian,Phillies,4,7,8,49,0,47.7,56,26,22,43,4.91,1.36,668873
Jesse Scholtens,Rays,5,3,0,12,2,47.7,37,23,15,49,4.34,1.34,669947
Ty Madden,Tigers,1,0,0,20,1,47.0,46,17,14,33,3.26,1.0,680744
Jacob Waguespack,Tigers,2,2,0,35,1,47.0,35,13,18,25,2.49,0.91,621097
Julian Garcia,Reds,2,3,2,33,0,46.0,41,16,19,29,3.13,1.04,670062
Jackson Jobe,Tigers,3,3,0,9,9,46.0,51,20,16,38,3.91,1.17,695549
Craig Kimbrel,Royals,1,5,1,46,0,46.0,40,23,22,40,4.5,1.35,518886
Nate Pearson,Royals,3,4,4,42,0,46.0,41,21,26,37,4.11,1.37,663878
Gabe Speier,Mariners,2,3,1,54,0,46.0,45,15,15,35,2.93,1.09,642100
Kyle Hurt,Dodgers,4,1,1,44,1,45.7,58,21,23,38,4.14,1.34,669165
A.J. Minter,Twins,2,2,1,48,0,45.7,41,13,8,40,2.56,1.05,621345
Cionel Pérez,Mets,4,3,0,40,2,45.3,44,24,19,47,4.76,1.46,672335
Brandon Woodruff,Brewers,2,2,0,9,9,45.3,47,15,10,28,2.98,0.84,605540
Kenley Jansen,Tigers,4,6,22,50,0,45.0,51,16,23,24,3.2,1.04,445276
Joel Kuhnel,Giants,1,3,8,45,0,45.0,28,22,18,49,4.4,1.49,669270
Josh Hader,Astros,4,2,26,45,0,44.7,55,5,15,19,1.01,0.76,623352
Evan Sisk,Pirates,1,0,0,41,0,44.7,50,15,25,36,3.02,1.37,681895
Cody Bradford,Rangers,0,5,0,10,8,44.0,22,21,10,55,4.3,1.48,674003
Mitch Bratt,Diamondbacks,1,3,0,10,10,44.0,30,23,27,40,4.7,1.52,683352
Chase Dollander,Rockies,3,3,0,10,3,44.0,47,19,18,39,3.89,1.3,801403
Brandon Eisert,Pirates,3,3,0,40,4,44.0,49,27,14,43,5.52,1.3,685126
Lance McCullers Jr.,Brewers,2,3,0,10,8,44.0,48,32,27,41,6.55,1.55,621121
Michael Rucker,Mariners,1,4,0,37,0,43.7,50,27,17,39,5.56,1.28,621074
Matt Svanson,Cardinals,2,3,0,41,1,43.3,41,35,21,55,7.27,1.75,694335
Brady Basso,Athletics,1,4,0,26,7,43.0,31,29,10,61,6.07,1.65,669620
Orlando Ribalta,Nationals,1,2,2,45,0,43.0,42,18,18,34,3.77,1.21,687377
Keaton Winn,Giants,2,3,1,44,0,43.0,33,16,17,34,3.35,1.19,676775
Alex Hoppe,Orioles,1,1,1,42,0,42.7,47,21,20,41,4.43,1.43,695380
Emilio Pagán,Reds,5,1,25,45,0,42.7,45,16,11,33,3.38,1.03,641941
Blake Snell,Dodgers,4,1,0,9,9,42.7,55,9,16,31,1.9,1.1,605483
Justin Sterner,Athletics,2,3,1,46,0,42.7,40,29,13,46,6.12,1.38,686993
Matt Waldron,Nationals,2,2,0,17,4,42.7,33,31,11,57,6.54,1.59,663362
Enmanuel De Jesus,Tigers,2,0,1,30,0,42.3,39,18,15,38,3.83,1.25,646241
Wilber Dotel,Pirates,1,5,0,22,2,42.3,41,21,16,42,4.46,1.37,696062
Kirby Yates,Pirates,2,5,3,46,1,42.3,49,15,17,34,3.19,1.2,489446
Hoby Milner,Mariners,1,0,1,44,0,42.0,25,17,10,42,3.64,1.24,571948
Will Klein,Dodgers,3,4,2,36,3,41.7,49,17,21,44,3.67,1.56,694361
Garrett Cleavinger,Rays,4,4,2,51,0,41.3,54,22,22,37,4.79,1.43,664076
Pete Fairbanks,Marlins,4,5,19,46,1,41.3,57,29,21,35,6.31,1.35,664126
Eric Orze,Twins,2,2,1,36,0,41.3,36,26,21,42,5.66,1.52,679358
Cam Booser,Rays,1,0,0,42,0,41.0,45,9,6,25,1.98,0.76,592155
Cooper Criswell,Mariners,4,2,1,37,0,40.7,31,15,16,41,3.32,1.4,681867
Tyron Guerrero,Sox,1,2,0,40,0,40.7,41,14,8,37,3.1,1.11,594027
Tony Santillan,Reds,3,4,5,44,0,40.7,36,29,28,40,6.42,1.67,663574
Ryan Thompson,Diamondbacks,4,2,0,46,0,40.7,29,20,13,51,4.43,1.57,657044
Devin Williams,Mets,3,2,16,44,0,40.7,52,20,21,43,4.43,1.57,642207
David Sandlin,Sox,3,2,0,8,6,40.3,40,25,13,36,5.58,1.21,689818
Trey Gibson,Orioles,2,3,0,9,8,39.7,37,27,27,41,6.13,1.71,694346
Jaden Hill,Rockies,1,4,2,46,0,39.7,40,23,23,36,5.22,1.49,677955
Mitchell Parker,Nationals,3,3,1,22,0,39.7,34,29,13,46,6.58,1.49,680730
Dylan Smith,Giants,0,6,4,42,0,39.7,45,17,22,35,3.86,1.44,681916
Drew Sommers,Tigers,2,4,0,43,0,39.7,62,16,14,35,3.63,1.24,805427
Tyler Zuber,Marlins,2,1,1,44,0,39.7,42,25,11,46,5.67,1.44,676604
Mason Englert,Rays,0,4,1,15,4,39.3,38,26,9,52,5.95,1.55,669438
Spencer Strider,Braves,4,2,0,8,8,39.0,46,23,20,33,5.31,1.36,675911
Jake Bird,Nationals,1,1,0,44,0,38.7,41,23,13,42,5.35,1.42,656234
Isaac Mattson,Pirates,0,0,0,38,0,38.7,36,23,18,44,5.35,1.6,676755
Chris Roycroft,Athletics,2,0,1,27,0,38.3,29,28,21,52,6.57,1.9,688297
Craig Yoho,Guardians,2,1,0,34,0,38.3,41,21,18,29,4.93,1.23,684974
Scott Blewett,Athletics,2,2,0,26,0,37.3,34,13,11,40,3.13,1.37,656240
Tyler Schweitzer,Sox,1,0,1,18,0,37.3,18,13,12,37,3.13,1.31,805326
Robby Ahlstrom,Rangers,3,1,0,42,0,37.0,34,25,15,38,6.08,1.43,695239
Cade Povich,Orioles,2,1,0,8,7,37.0,28,18,15,40,4.38,1.49,700249
Riley Cornelio,Nationals,3,2,0,18,3,36.7,40,15,29,26,3.68,1.5,683000
Luis Gastelum,Cardinals,5,4,0,34,0,36.7,44,18,12,34,4.42,1.25,703725
Sam Hentges,Giants,1,7,0,45,0,36.7,41,13,25,35,3.19,1.64,656529
PJ Poulin,Nationals,3,0,3,35,11,36.7,25,11,21,27,2.7,1.31,676571
Tanner Banks,Phillies,0,4,0,32,1,36.3,38,25,15,52,6.19,1.84,621383
Jackson Kent,Nationals,2,4,0,8,7,36.3,30,24,25,40,5.94,1.79,800600
José Urquidy,Phillies,2,2,1,13,1,36.3,30,20,7,47,4.95,1.49,664353
Kade Anderson,Mariners,2,2,0,7,7,35.7,32,15,9,35,3.79,1.23,807739
Matt Strahm,Royals,3,4,0,41,0,35.7,30,29,14,39,7.32,1.49,621381
Shawn Armstrong,Guardians,2,1,0,41,0,35.3,34,18,19,29,4.58,1.36,542888
Graham Ashcraft,Reds,1,1,1,35,0,35.3,40,16,24,27,4.08,1.44,668933
Brant Hurter,Tigers,4,1,0,29,0,35.3,24,12,15,24,3.06,1.1,676428
Cole Ragans,Royals,1,4,0,8,8,35.3,45,19,23,27,4.84,1.42,666142
Bryse Wilson,Brewers,0,0,0,16,0,35.3,31,17,3,44,4.33,1.33,669060
Richard Lovelady,Nationals,3,4,4,38,6,35.0,31,16,24,41,4.11,1.86,663992
Luis Mey,Reds,0,2,0,29,0,34.7,50,24,22,35,6.23,1.64,682825
Nick Pivetta,Padres,3,2,0,8,8,34.7,42,11,8,27,2.86,1.01,601713
Carson Whisenhunt,Giants,3,4,0,8,8,34.7,26,25,21,41,6.49,1.79,687931
Jason Adam,Padres,2,2,2,38,0,34.3,22,10,10,30,2.62,1.17,592094
Anthony Banda,Twins,2,0,2,39,0,34.3,33,17,15,31,4.46,1.34,607455
Anthony Bender,Marlins,1,1,2,35,0,34.3,41,10,12,21,2.62,0.96,669622
Justin Lawrence,Nationals,0,3,1,37,0,34.3,43,28,28,39,7.34,1.95,664875
Victor Mederos,Braves,6,1,1,30,0,34.3,34,13,14,27,3.41,1.19,682989
Mike Paredes,Twins,0,3,0,9,5,34.3,19,18,13,36,4.72,1.43,702474
Ethan Pecko,Astros,2,0,0,8,5,34.3,23,15,14,25,3.93,1.14,814490
Anthony Molina,Giants,3,2,0,9,5,34.0,31,15,7,29,3.97,1.06,683627
Robert Suarez,Braves,4,0,4,33,0,34.0,26,4,6,24,1.06,0.88,663158
Sam Aldegheri,Angels,3,4,0,9,6,33.7,22,19,17,31,5.08,1.43,691951
Ronel Blanco,Astros,0,1,0,8,5,33.7,29,25,16,30,6.68,1.37,669854
Seth Johnson,Athletics,1,0,0,28,1,33.7,40,22,20,37,5.88,1.69,686751
Mark Leiter Jr.,Athletics,0,1,4,36,0,33.7,38,16,11,33,4.28,1.31,643410
Chris Murphy,Sox,3,0,1,33,3,33.7,35,18,16,32,4.81,1.43,669684
Jordan Romano,Rockies,0,4,15,38,0,33.7,39,21,19,29,5.61,1.43,605447
Scott Barlow,Athletics,2,0,2,36,0,33.3,29,24,19,26,6.48,1.35,605130
David Morgan,Padres,4,1,0,32,0,33.3,39,14,22,37,3.78,1.77,688158
Caleb Ferguson,Cardinals,1,0,1,35,1,33.0,31,19,19,37,5.18,1.7,657571
Alec Gamboa,Sox,1,0,1,21,3,33.0,23,7,11,27,1.91,1.15,687941
Gus Varland,Nationals,2,2,6,34,0,33.0,32,24,15,43,6.55,1.76,681402
JP Sears,Padres,3,4,0,8,6,32.7,25,17,11,33,4.68,1.35,676664
Ryan Walker,Giants,0,1,3,33,0,32.7,23,26,19,40,7.16,1.81,676254
Paxton Schultz,Nationals,1,2,1,27,1,32.3,32,23,12,43,6.4,1.7,687606
Tyler Davis,Sox,2,3,1,31,0,32.0,27,13,16,21,3.66,1.16,699823
Samy Natera Jr.,Angels,1,2,3,28,0,31.7,48,11,13,22,3.13,1.11,696519
Chase Petty,Reds,1,2,1,16,3,31.7,15,17,9,31,4.83,1.26,695534
Carson Seymour,Giants,0,2,1,25,1,31.7,23,16,16,31,4.55,1.48,693313
Mason Black,Royals,0,0,0,17,0,31.3,19,15,20,30,4.31,1.6,696131
Brad Keller,Phillies,2,1,3,32,0,31.3,32,14,13,29,4.02,1.34,641745
Justin Slaten,Sox,2,4,0,36,0,31.3,39,16,8,35,4.6,1.37,686580
AJ Smith-Shawver,Braves,0,3,0,9,5,31.3,27,23,16,32,6.61,1.53,700363
Jeremiah Estrada,Padres,2,3,1,33,0,31.0,38,12,16,20,3.48,1.16,669093
Adam Macko,Rangers,2,0,0,30,1,31.0,32,18,14,38,5.23,1.68,671936
Josh Ekness,Marlins,3,4,1,30,0,30.7,24,11,20,23,3.23,1.4,694795
Jonathan Pintaro,Mets,2,3,0,22,0,30.7,30,18,16,26,5.28,1.37,702752
Jonah Tong,Mets,2,2,0,7,4,30.7,34,13,14,24,3.82,1.24,804636
Robert Stock,Mets,1,3,0,8,7,30.3,29,20,15,38,5.93,1.75,476594
Josh Walker,Orioles,1,0,1,31,0,30.3,29,7,12,24,2.08,1.19,677020
Garrett Crochet,Sox,3,3,0,6,6,30.0,37,21,11,33,6.3,1.47,676979
Connor Phillips,Reds,2,0,1,27,0,30.0,29,18,31,23,5.4,1.8,683175
Bennett Sousa,Astros,1,3,0,35,1,30.0,32,20,18,36,6.0,1.8,656986
Daniel Duarte,Mets,2,0,2,24,0,29.7,30,7,7,17,2.12,0.81,650960
Lucas Giolito,Padres,2,3,0,7,5,29.7,18,17,23,32,5.16,1.85,608337
Daniel Palencia,Cubs,2,2,3,32,0,29.7,30,12,11,25,3.64,1.21,694037
Kendry Rojas,Twins,1,1,0,12,4,29.7,34,11,22,23,3.34,1.52,696070
Blake Treinen,Dodgers,4,1,1,36,0,29.7,31,12,13,29,3.64,1.42,595014
Cam Sanders,Orioles,1,1,3,28,0,29.3,40,15,20,22,4.6,1.43,676742
Mason Adams,Rockies,0,2,0,6,6,29.0,31,13,12,31,4.03,1.48,690279
Seth Halvorsen,Dodgers,1,2,0,32,0,29.0,23,19,17,33,5.9,1.72,678020
Drew Pomeranz,Cubs,2,3,0,31,0,29.0,17,18,16,32,5.59,1.66,519141
Dax Fulton,Marlins,2,0,0,16,0,28.7,29,12,15,23,3.77,1.33,690978
Trevor Williams,Rangers,2,0,0,15,1,28.7,34,10,10,24,3.14,1.19,592866
Jose Cabrera,Diamondbacks,0,4,0,8,5,28.3,20,18,11,32,5.72,1.52,703615
Brendon Little,Jays,0,3,0,30,0,28.3,44,20,25,29,6.35,1.91,663893
Geoff Hartlieb,Athletics,2,1,0,18,0,28.0,22,15,14,30,4.82,1.57,664129
Hagen Smith,Sox,3,3,0,18,1,28.0,41,4,16,11,1.29,0.96,696146
Hunter Greene,Reds,2,2,0,5,5,27.7,33,21,9,29,6.83,1.37,668881
Phil Maton,Cubs,0,1,0,31,0,27.7,31,19,16,34,6.18,1.81,664208
Matt Wilkinson,Giants,1,3,0,8,6,27.7,20,11,5,22,3.58,0.98,683363
Jake Woodford,Rays,1,0,1,19,0,27.7,25,24,8,43,7.81,1.84,663765
Blas Castaño,Rockies,2,0,0,15,0,27.3,21,11,9,27,3.62,1.32,680604
Nick Davila,Mariners,0,0,1,24,0,27.3,13,15,13,24,4.94,1.35,689546
Matt Gage,Giants,4,1,1,34,0,27.3,22,17,17,28,5.6,1.65,657424
Luis Gil,Yankees,1,2,0,9,4,27.3,17,14,18,21,4.61,1.43,661563
George Klassen,Angels,2,2,0,6,6,27.0,24,11,21,23,3.67,1.63,691946
Joe Mantiply,Jays,2,0,0,25,0,27.0,22,9,5,27,3.0,1.19,573009
Cole Wilcox,Mariners,0,0,0,23,0,27.0,28,12,17,27,4.0,1.63,677961
Elmer Rodríguez,Yankees,0,3,0,6,6,26.7,21,16,16,26,5.4,1.57,695684
Brock Stewart,Dodgers,1,2,1,28,1,26.7,25,8,10,17,2.7,1.01,592779
Will Vest,Tigers,3,5,2,27,0,26.7,27,18,10,28,6.07,1.43,676684
Jalen Beeks,Rangers,2,1,0,29,0,26.0,21,11,8,28,3.81,1.38,656222
Jason Foley,Giants,3,2,0,24,0,26.0,15,12,11,28,4.15,1.5,671345
Jordan Montgomery,Rangers,1,0,1,13,0,26.0,20,12,6,20,4.15,1.0,656756
Evan Phillips,Dodgers,3,2,1,31,0,26.0,33,10,6,22,3.46,1.08,623465
Alan Rangel,Phillies,0,3,0,7,3,26.0,29,17,13,31,5.88,1.69,660604
Ryan Weiss,Astros,0,3,0,9,2,26.0,30,22,20,35,7.62,2.12,680802
Ethan Roberts,Cubs,0,2,0,23,0,25.7,17,12,14,22,4.21,1.4,681799
Connor Thomas,Royals,2,1,0,19,0,25.7,18,20,9,32,7.01,1.6,671162
Keegan Akin,Orioles,0,1,0,24,2,25.3,17,16,9,29,5.68,1.5,669211
Beau Brieske,Tigers,1,0,0,18,0,25.3,24,14,7,23,4.97,1.18,689225
Jonathan Hernández,Dodgers,0,0,0,16,0,25.3,22,16,13,21,5.68,1.34,642546
Gavin Collyer,Rangers,1,1,0,24,0,25.0,23,15,19,17,5.4,1.44,686560
Cesar Perdomo,Giants,0,1,0,5,4,24.7,14,10,7,27,3.65,1.38,702885
Yunior Marte,Giants,0,2,0,5,3,24.3,15,12,10,24,4.44,1.4,805074
Connor Seabold,Royals,1,0,0,21,0,24.0,20,14,11,30,5.25,1.71,657756
Ryan Borucki,Giants,1,1,0,21,0,23.7,15,13,9,27,4.94,1.52,621366
Jose Cuas,Royals,0,1,0,24,0,23.3,25,6,15,26,2.31,1.76,621016
Trent Harris,Giants,0,1,2,22,0,23.3,27,6,7,20,2.31,1.16,805345
Beck Way,Royals,1,1,0,19,1,23.3,21,10,10,27,3.86,1.59,694360
Ryan Fernandez,Cardinals,1,2,0,17,0,23.0,28,9,11,19,3.52,1.3,681676
Sammy Peralta,Angels,0,1,0,16,1,23.0,23,17,9,34,6.65,1.87,671111
Andrew Nardi,Marlins,3,3,0,25,0,22.7,27,13,11,21,5.16,1.41,677053
Taijuan Walker,Phillies,1,4,0,5,4,22.7,17,23,11,36,9.13,2.07,592836
Franco Aleman,Guardians,0,1,0,21,0,22.3,28,11,10,25,4.43,1.57,680916
Sean Sullivan,Rockies,0,3,0,5,5,22.3,16,22,11,34,8.87,2.01,807743
Danny Coulombe,Sox,0,2,0,29,0,22.0,10,11,15,18,4.5,1.5,543056
Yerry De los Santos,Yankees,1,0,0,16,0,22.0,17,5,8,20,2.05,1.27,660787
Justin Topa,Yankees,0,1,2,25,0,22.0,15,17,12,31,6.95,1.95,623437
Nick Frasso,Rockies,1,1,0,20,0,21.7,22,14,7,25,5.82,1.48,693308
Nate Lavender,Mets,1,0,0,21,0,21.7,26,4,4,12,1.66,0.74,681320
Raymond Burgos,Sox,0,0,2,9,0,21.3,16,10,1,17,4.22,0.84,670103
Xzavion Curry,Mets,0,1,0,9,1,21.3,15,13,9,22,5.48,1.45,675540
Brenan Hanifee,Tigers,0,1,0,23,2,21.3,10,12,7,24,5.06,1.45,669724
Reiver Sanmartin,Giants,3,0,0,24,0,21.3,16,10,7,22,4.22,1.36,665665
Tayler Saucedo,Angels,1,1,0,28,0,21.3,26,6,7,15,2.53,1.03,642048
Khristian Curtis,Pirates,2,0,0,6,0,21.0,13,11,12,15,4.71,1.29,694753
Kohl Drake,Diamondbacks,0,1,0,5,5,20.7,17,15,7,24,6.53,1.5,684442
Peyton Pallette,Guardians,1,2,0,16,0,20.7,22,12,16,17,5.23,1.6,688883
Mick Abel,Twins,1,2,0,4,3,20.3,23,9,10,22,3.98,1.57,690953
Jose Franco,Reds,1,0,0,10,0,20.3,15,10,16,19,4.43,1.72,683742
Tyler Samaniego,Sox,0,3,0,20,1,20.3,17,6,8,22,2.66,1.48,701719
Jefry Yan,Mets,2,1,0,18,1,20.3,26,11,15,20,4.87,1.72,642376
Shaun Anderson,Angels,2,0,0,12,0,20.0,17,17,10,25,7.65,1.75,641312
Kyle Backhus,Phillies,2,1,0,21,1,20.0,20,11,6,25,4.95,1.55,679775
Cody Bolton,Astros,0,1,1,8,3,20.0,22,12,14,21,5.4,1.75,675989
Luke Murphy,Angels,0,3,0,22,0,20.0,20,15,11,21,6.75,1.6,684665
Hunter Bigge,Rays,1,1,0,18,0,19.3,14,15,14,14,6.98,1.45,685801
Drey Jameson,Diamondbacks,0,0,0,12,0,19.3,13,11,10,19,5.12,1.5,686753
Nick Mears,Royals,2,3,0,21,0,19.3,15,11,11,18,5.12,1.5,683232
Eli Morgan,Royals,0,1,1,16,0,19.3,16,11,9,24,5.12,1.71,669212
Philip Abner,Giants,0,0,0,13,0,19.0,10,15,11,21,7.11,1.68,691769
Tristan Beck,Giants,1,0,1,14,0,19.0,9,11,5,21,5.21,1.37,663941
Joe Boyle,Rays,0,1,0,4,3,19.0,21,11,9,13,5.21,1.16,671212
Alex McFarlane,Phillies,4,1,0,19,0,19.0,20,6,7,15,2.84,1.16,686934
Dedniel Núñez,Mets,2,1,1,18,0,19.0,20,7,0,17,3.32,0.89,673380
Andrew Sears,Tigers,0,1,0,6,3,19.0,15,15,8,24,7.11,1.68,808825
Carlos Vargas,Mariners,3,0,0,16,0,19.0,17,10,4,16,4.74,1.05,672841
Osvaldo Bido,Sox,2,0,1,11,0,18.7,11,13,10,15,6.27,1.34,674370
Coleman Crow,Brewers,0,1,0,5,4,18.7,10,11,6,21,5.3,1.45,689441
Edwin Díaz,Dodgers,2,2,7,21,0,18.7,28,18,11,26,8.68,1.98,621242
Tyler Ferguson,Cubs,0,1,0,18,0,18.7,21,11,4,15,5.3,1.02,621053
Robert Garcia,Rangers,2,1,0,20,0,18.7,11,5,9,13,2.41,1.18,676395
Antwone Kelly,Pirates,0,0,0,8,0,18.7,14,10,8,19,4.82,1.45,699008
Jordan Leasure,Sox,2,1,0,18,1,18.7,18,13,8,15,6.27,1.23,673929
Jason Alexander,Astros,1,1,0,4,2,18.3,14,19,8,21,9.33,1.58,669920
Ray Kerr,Braves,0,0,0,9,1,18.3,11,3,2,9,1.47,0.6,678061
Max Kranick,Nationals,0,1,0,17,0,18.3,11,19,13,27,9.33,2.18,668820
Hunter Barco,Pirates,0,1,0,7,0,17.7,14,15,13,21,7.64,1.92,682995
Mark Manfredi,Rockies,1,2,0,14,0,17.7,16,6,9,15,3.06,1.36,815081
Drew Rom,Athletics,1,1,0,18,0,17.7,17,11,7,22,5.6,1.64,680723
Blake Weiman,Angels,1,1,0,18,0,17.7,16,5,3,22,2.55,1.42,676620
Gerardo Carrillo,Diamondbacks,3,1,0,13,0,17.3,21,8,16,14,4.15,1.73,672629
Kade Morris,Athletics,0,1,0,6,2,17.3,10,21,7,30,10.9,2.13,695034
Jack Ralston,Marlins,0,3,0,16,1,17.3,19,11,9,15,5.71,1.38,667652
Burch Smith,Tigers,0,2,0,13,1,17.0,20,6,7,18,3.18,1.47,572143
Logan Allen,Guardians,0,0,0,7,2,16.7,16,11,6,23,5.94,1.74,671106
Matt Brash,Mariners,3,0,0,20,0,16.7,15,1,6,8,0.54,0.84,666374
Aaron Bummer,Royals,1,2,0,21,0,16.7,13,19,11,24,10.26,2.1,607481
Carlos Carrasco,Braves,0,0,0,8,0,16.7,7,11,3,21,5.94,1.44,471911
Angel Chivilli,Yankees,1,1,0,15,0,16.7,16,7,7,14,3.78,1.26,683409
Cody Laweryson,Twins,1,0,1,15,0,16.7,18,9,8,15,4.86,1.38,689520
Miguel Ullola,Astros,2,0,0,11,2,16.7,16,4,5,7,2.16,0.72,699044
Tom Cosgrove,Nationals,1,2,1,18,0,16.3,14,14,6,18,7.71,1.47,676680
Zack Kelly,Sox,0,2,0,17,0,16.3,14,6,7,14,3.31,1.29,677161
Zak Kent,Nationals,0,0,0,11,0,16.3,12,10,8,19,5.51,1.65,687849
Jayden Murray,Cubs,0,0,0,10,0,16.3,14,17,9,25,9.37,2.08,681151
Carson Palmquist,Nationals,0,2,0,11,6,16.3,15,14,8,21,7.71,1.78,687223
Ben Peoples,Rangers,0,1,0,16,0,16.3,10,5,8,14,2.76,1.35,687239
Connor Brogdon,Guardians,2,2,1,16,0,16.0,15,9,3,15,5.06,1.12,641401
Yovanny Cruz,Nationals,0,2,1,17,0,16.0,15,9,9,16,5.06,1.56,672442
Dietrich Enns,Orioles,3,0,0,13,0,16.0,13,7,11,13,3.94,1.5,608650
Hayden Juenger,Athletics,0,1,0,15,0,16.0,6,16,8,24,9.0,2.0,696522
Luis Morales,Athletics,0,2,0,5,2,16.0,13,24,14,27,13.5,2.56,806960
Brandan Bidois,Pirates,0,0,0,15,0,15.7,20,11,12,19,6.32,1.98,684049
Wyatt Olds,Sox,2,0,0,14,0,15.7,20,2,8,11,1.15,1.21,681544
Daniel Espino,Guardians,0,0,0,14,3,15.3,25,7,7,12,4.11,1.24,682982
Ryan Helsley,Orioles,0,4,8,17,0,15.3,21,7,9,13,4.11,1.43,664854
Ben Joyce,Angels,0,2,5,16,0,15.3,18,7,9,8,4.11,1.11,690829
Trevor Martin,Angels,0,1,0,8,0,15.3,9,7,7,20,4.11,1.76,694680
Brycen Mautz,Cardinals,0,1,0,8,1,15.3,19,10,11,18,5.87,1.89,802408
Alimber Santa,Astros,0,1,0,10,0,15.3,9,2,6,8,1.17,0.91,695001
Erik Tolman,Nationals,1,1,5,15,0,15.3,17,5,9,13,2.93,1.43,680899
Luis García,Twins,0,1,2,15,0,15.0,6,15,6,23,9.0,1.93,472610
Nolan Hoffman,Royals,0,0,0,15,0,15.0,12,6,6,17,3.6,1.53,676510
Gavin Hollowell,Cubs,0,0,1,15,0,14.7,13,4,9,11,2.45,1.36,668970
Chad Dallas,Jays,2,1,0,6,0,14.3,17,8,8,13,5.02,1.47,689149
Colton Gordon,Brewers,0,1,0,5,1,14.3,12,14,4,25,8.79,2.02,676467
Chris Martin,Rangers,1,1,0,16,0,14.0,9,14,2,25,9.0,1.93,455119
Garrett Stallings,Brewers,0,0,1,6,0,14.0,17,0,5,4,0.0,0.64,668831
Peter Strzelecki,Cardinals,1,1,0,8,0,14.0,8,9,6,13,5.79,1.36,657265
Michael Fulmer,Yankees,0,1,0,15,0,13.7,18,5,8,11,3.29,1.39,605242
Anthony Gose,Royals,1,1,0,14,0,13.7,7,1,2,11,0.66,0.95,543238
Cole Henry,Nationals,0,2,0,11,0,13.7,15,12,7,17,7.9,1.76,669371
Brett Kerry,Angels,0,0,0,3,0,13.7,12,6,2,11,3.95,0.95,695049
Cade Winquest,Cardinals,1,0,0,11,0,13.7,16,6,8,9,3.95,1.24,685464
Justin Martinez,Diamondbacks,3,1,0,15,0,13.3,18,3,10,5,2.02,1.12,679885
Zach McCambley,Reds,0,0,0,11,0,13.3,14,6,6,13,4.05,1.43,685112
Charlie Barnes,Dodgers,0,1,0,5,0,13.0,6,10,7,17,6.92,1.85,656212
Lazaro Estrada,Jays,1,1,1,8,0,13.0,9,8,10,8,5.54,1.38,681751
Bailey Falter,Braves,0,2,0,7,2,13.0,8,15,6,26,10.38,2.46,663559
Zach Maxwell,Reds,0,1,1,12,0,13.0,12,12,10,18,8.31,2.15,687209
Brendan Beck,Yankees,0,2,0,4,2,12.7,13,14,8,13,9.95,1.66,694341
Yunior Tur,Athletics,0,0,0,8,0,12.7,14,23,11,25,16.34,2.84,814305
Logan VanWey,Astros,1,0,0,10,0,12.7,9,2,1,11,1.42,0.95,701121
Jack Weisenburger,Mets,0,0,0,7,0,12.7,14,3,4,10,2.13,1.11,674073
Angel Zerpa,Brewers,0,2,2,12,0,12.7,8,9,6,16,6.39,1.74,672582
Jack Anderson,Twins,1,0,1,7,0,12.3,12,3,3,10,2.19,1.05,681252
Cooper Hjerpe,Cardinals,1,0,0,4,0,12.3,15,6,9,7,4.38,1.3,687309
William Kempner,Marlins,1,0,0,9,0,12.3,14,4,4,8,2.92,0.97,687531
Danny Young,Braves,0,1,0,16,1,12.3,15,11,13,15,8.03,2.27,664849
Elieser Hernández,Braves,2,0,1,5,0,12.0,13,3,6,10,2.25,1.33,622694
Owen Murphy,Braves,0,1,0,5,1,12.0,9,8,3,17,6.0,1.67,702566
Cole Sands,Twins,1,1,1,13,0,12.0,11,11,5,15,8.25,1.67,663485
Keegan Thompson,Rockies,0,0,0,5,0,12.0,11,11,2,19,8.25,1.75,624522
Andrew Hoffmann,Diamondbacks,1,0,0,8,0,11.7,12,10,8,16,7.71,2.06,694851
Landon Knack,Dodgers,1,0,1,4,0,11.7,8,5,2,12,3.86,1.2,689017
Jedixson Paez,Sox,1,1,0,5,1,11.7,8,14,5,17,10.8,1.89,699151
Joe Ross,Rangers,0,1,0,8,0,11.7,7,12,6,16,9.26,1.89,605452
CJ Van Eyk,Jays,0,2,0,5,1,11.7,3,7,2,15,5.4,1.46,669310
Bradley Blalock,Marlins,0,0,0,4,0,11.3,12,7,4,11,5.56,1.32,687134
Easton McGee,Royals,0,0,0,9,0,11.3,9,9,5,17,7.15,1.94,668834
Joel Peguero,Giants,0,0,0,11,0,11.3,5,3,4,10,2.38,1.24,666711
Garrett Acton,Twins,1,1,0,7,0,11.0,14,7,6,10,5.73,1.45,670183
Luis Perales,Nationals,0,0,0,6,0,11.0,13,14,13,15,11.45,2.55,691384
Jack Sinclair,Nationals,1,0,1,11,0,11.0,8,3,4,6,2.45,0.91,695378
Eddy Yean,Nationals,0,1,0,8,1,11.0,7,3,2,8,2.45,0.91,678868
Valente Bellozo,Rockies,0,1,0,3,0,10.7,8,9,7,10,7.59,1.59,678368
Hurston Waldrep,Braves,0,1,0,3,2,10.7,9,10,10,13,8.44,2.16,694462
Corbin Burnes,Diamondbacks,0,0,0,3,3,10.3,8,9,4,12,7.84,1.55,669203
Luis Curvelo,Rangers,0,0,0,9,0,10.3,6,11,7,17,9.58,2.32,681168
Joe Rock,Athletics,0,1,0,5,0,10.3,12,6,13,12,5.23,2.42,697812
Jordan Wicks,Cubs,0,2,2,4,2,10.3,8,12,2,18,10.45,1.94,696136
Max Lazar,Phillies,0,0,0,8,0,10.0,8,7,3,12,6.3,1.5,676661
Eduardo Rivera,Sox,0,1,0,4,3,10.0,10,7,6,8,6.3,1.4,700842
Lucas Sims,Sox,0,2,0,9,0,10.0,10,5,7,9,4.5,1.6,608371
Austin Voth,Twins,0,1,0,3,0,10.0,3,11,6,19,9.9,2.5,608723
