when,team,add,add_pos,add_src,drop,drop_pos,drop_dest,source,note
2026-09-22 06:16,Hart of the Order,C. Javier,P,FA,C. Quantrill,P,W,screenshot,
2026-09-21 21:02,Jon's Underdogs,A. Alvarez,P,FA,,,,screenshot,
2026-09-21 21:01,Jon's Underdogs,G. Crochet,P,FA,,,,screenshot,
2026-09-21 21:01,Jon's Underdogs,,,,K. Jansen,P,W,screenshot,
2026-09-21 20:58,Jon's Underdogs,N. Arenado,3B,FA,T. Rumfield,1B,W,screenshot,
2026-09-19 20:52,Hello Peanuts!,W. Urena,P,FA,C. Burns,P,W,screenshot,
2026-09-19 20:50,Hello Peanuts!,C. Jensen,C,FA,J. McNeil,1B/2B/OF,W,screenshot,
2026-09-19 08:41,Hart of the Order,C. Quantrill,P,FA,L. Webb,P,W,screenshot,
2026-09-19 08:11,Jon's Underdogs,T. Mahle,P,FA,,,,screenshot,
2026-09-19 08:10,Jon's Underdogs,,,,J. Lopez,P,W,screenshot,
2026-09-19 08:10,Jon's Underdogs,,,,E. Diaz,P,W,screenshot,
2026-09-19 07:33,Springfield Isotopes,I. Paredes,1B/3B,FA,,,,screenshot,
2026-09-19 07:32,Springfield Isotopes,,,,M. Soroka,P,W,screenshot,
2026-09-15 17:09,Hart of the Order,N. Eovaldi,P,FA,,,,screenshot,
2026-09-15 17:08,Hart of the Order,,,,B. Buxton,OF,W,screenshot,
2026-09-14 09:06,Hart of the Order,I. Seymour,P,FA,Y. Gomez,P,W,screenshot,
2026-09-12 21:23,Jon's Underdogs,T. Rumfield,1B,FA,B. House,3B,W,screenshot,
2026-09-10 21:21,Hello Peanuts!,,,,B. Ashcraft,P,W,screenshot,
2026-09-10 04:10,Hart of the Order,W. Langford,OF,W,C. Carrigg,SS/OF,W,screenshot,
2026-09-08 04:09,Boston Estrellas,T. Edman,2B/3B/OF,W,C. Smith,OF,W,screenshot,
2026-09-07 22:46,Hello Peanuts!,A. Kirk,C,FA,D. Dingler,C,W,screenshot,
2026-09-07 22:34,Boston Estrellas,C. Scott,P,FA,,,,screenshot,
2026-09-07 22:32,Boston Estrellas,,,,B. Elder,P,W,screenshot,
2026-09-07 22:30,Boston Estrellas,T. Melton,P,FA,,,,screenshot,
2026-09-07 22:29,Boston Estrellas,,,,K. Leahy,P,W,screenshot,
2026-09-07 21:59,Springfield Isotopes,N. Pivetta,P,FA,C. Holmes,P,W,screenshot,
2026-09-07 21:55,Springfield Isotopes,,,,I. Happ,OF,W,screenshot,
2026-09-07 12:34,Jon's Underdogs,S. Jones,OF,FA,I. Seymour,P,W,screenshot,
2026-09-07 08:55,Hart of the Order,C. Carrigg,SS/OF,FA,,,,screenshot,
2026-09-07 08:50,Hart of the Order,,,,W. Adames,SS,W,screenshot,
2026-09-06 16:06,Hello Peanuts!,J. McNeil,1B/2B/OF,FA,W. Langford,OF,W,screenshot,
2026-09-05 15:18,Hello Peanuts!,M. Betts,SS,FA,T. Tawa,1B/2B/3B/OF,W,screenshot,
2026-09-04 13:47,Jon's Underdogs,J. Lopez,P,FA,N. Cameron,P,W,screenshot,
2026-09-04 13:35,Jon's Underdogs,Z. Gelof,2B/3B/OF,FA,T. Edman,2B/3B/OF,W,screenshot,
2026-09-04 13:34,Jon's Underdogs,H. Bolte,OF,FA,T. Grisham,OF,W,screenshot,
2026-09-04 10:00,Hello Peanuts!,B. Lee,2B/3B/SS,FA,E. Perez,P,W,screenshot,
2026-09-01 21:18,Jon's Underdogs,B. House,3B,FA,C. Carrigg,SS/OF,W,screenshot,
2026-09-01 09:17,Boston Estrellas,M. Gasper,C/1B,FA,,,,screenshot,
2026-09-01 07:14,Springfield Isotopes,C. Holmes,P,FA,K. Bradish,P,W,screenshot,
2026-08-31 22:30,Hello Peanuts!,T. Tawa,1B/2B/3B/OF,FA,S. Antonacci,2B/3B/OF,W,screenshot,
2026-08-31 22:28,Hello Peanuts!,,,,B. Marsh,OF,W,screenshot,
2026-08-31 22:25,Hello Peanuts!,G. Springer,OF,FA,S. Jones,OF,W,screenshot,
2026-08-31 21:57,Boston Estrellas,T. Story,SS,FA,M. Betts,SS,W,screenshot,
2026-08-31 20:36,Boston Estrellas,J. Burger,1B,FA,,,,screenshot,
2026-08-31 20:36,Boston Estrellas,,,,C. Durbin,2B/3B,W,screenshot,
2026-08-31 20:34,Boston Estrellas,G. Taylor,P,FA,G. Soto,P,W,screenshot,
2026-08-31 20:32,Boston Estrellas,G. Jump,P,FA,,,,screenshot,
2026-08-31 20:32,Boston Estrellas,B. Elder,P,FA,,,,screenshot,
2026-08-31 20:18,Boston Estrellas,,,,R. Helsley,P,W,screenshot,
2026-08-31 20:17,Boston Estrellas,,,,R. Weathers,P,W,screenshot,
2026-08-31 20:17,Boston Estrellas,,,,R. Sasaki,P,W,screenshot,
2026-08-31 20:15,Boston Estrellas,,,,A. Painter,P,W,screenshot,
2026-08-31 20:14,Boston Estrellas,C. Mayo,1B/3B,FA,J. Wetherholt,2B/3B/SS,W,screenshot,
2026-08-31 20:13,Boston Estrellas,H. Rodriguez,OF,FA,C. Meidroth,2B/3B/SS,W,screenshot,
2026-08-31 15:44,Jon's Underdogs,A. Nola,P,FA,,,,screenshot,
2026-08-31 15:43,Jon's Underdogs,,,,X. Edwards,2B/SS,W,screenshot,
2026-08-31 14:01,Jon's Underdogs,T. Edman,2B/3B/OF,FA,G. Lombard Jr.,2B/3B/SS,W,screenshot,
2026-08-29 23:22,Jon's Underdogs,C. Carrigg,SS/OF,FA,Z. Gelof,2B/3B/OF,W,screenshot,
2026-08-29 09:41,Hello Peanuts!,M. Montgomery,P,FA,,,,screenshot,
2026-08-29 09:40,Hello Peanuts!,,,,T. Melton,P,W,screenshot,
2026-08-29 09:39,Hello Peanuts!,,,,G. Conine,1B/OF,W,screenshot,
2026-08-24 22:22,Spacemen,W. Castro,1B/2B/3B/SS/OF,FA,,,,screenshot,
2026-08-24 22:18,Spacemen,W. Buehler,P,FA,,,,screenshot,
2026-08-24 19:36,Hart of the Order,D. Canzone,OF,FA,,,,screenshot,
2026-08-24 10:26,Hello Peanuts!,S. Jones,OF,FA,,,,screenshot,
2026-08-23 19:57,Tortured Baseball Department,L. Keaschall,2B/OF,FA,T. Soderstrom,1B/OF,W,screenshot,
2026-08-23 08:55,Boston Estrellas,K. Anderson,P,FA,C. Javier,P,W,screenshot,
2026-08-23 07:07,Springfield Isotopes,K. Bradish,P,FA,D. Martin,P,W,screenshot,
2026-08-23 07:06,Springfield Isotopes,R. Anthony,OF,FA,J. Wrobleski,P,W,screenshot,
2026-08-22 23:50,SkeleThor,K. Senga,P,FA,,,,screenshot,
2026-08-22 22:36,Boston Estrellas,A. Painter,P,FA,C. Scott,P,W,screenshot,
2026-08-22 02:23,Spacemen,,,,A. Pallante,P,W,screenshot,
2026-08-21 23:45,SkeleThor,R. Detmers,P,FA,,,,screenshot,
2026-08-21 16:45,Hello Peanuts!,,,,B. Miller,P,W,screenshot,
2026-08-21 16:05,Jon's Underdogs,N. Cameron,P,FA,K. Anderson,P,FA,screenshot,"Yahoo shows this drop as (FA), not (W)"
2026-08-21 14:56,Jon's Underdogs,K. Anderson,P,FA,B. Pfaadt,P,W,screenshot,
2026-08-21 14:54,Jon's Underdogs,Z. Gelof,2B/3B/OF,FA,A. Ortiz,1B/OF,W,screenshot,
2026-08-18 18:18,Jon's Underdogs,T. Scott,P,FA,C. Carrigg,SS/OF,W,screenshot,
2026-08-17 23:50,Spacemen,J. Bell,1B,FA,,,,screenshot,
2026-08-17 23:49,Spacemen,,,,G. Springer,OF,W,screenshot,
2026-08-17 23:47,Spacemen,,,,E. Clement,1B/2B/3B/SS,W,screenshot,
2026-08-17 22:53,Boston Estrellas,C. Javier,P,FA,B. Elder,P,W,screenshot,
2026-08-17 22:53,Boston Estrellas,K. Leahy,P,FA,G. Taylor,P,W,screenshot,
2026-08-17 15:18,Hart of the Order,,,,J. Marsee,OF,W,screenshot,
2026-08-17 08:19,Jon's Underdogs,T. Grisham,OF,FA,,,,screenshot,
2026-08-17 08:18,Jon's Underdogs,,,,K. Bradish,P,W,screenshot,
2026-08-17 08:16,Jon's Underdogs,B. Pfaadt,P,FA,L. Weaver,P,W,screenshot,
2026-08-17 05:57,Jon's Underdogs,A. Ortiz,1B/OF,FA,J. Lee,OF,W,screenshot,
2026-08-16 22:10,Work in Progress,E. Hancock,P,FA,,,,screenshot,
2026-08-16 22:09,Work in Progress,J. Wilson,SS,FA,S. Langeliers,C,W,screenshot,
2026-08-16 22:08,Work in Progress,,,,Y. Diaz,C,W,inferred,row hidden under the app nav bar; drop inferred by roster replay (only move that reconciles the 2026-08-22 WIP roster)
2026-08-15 17:46,Springfield Isotopes,J. Baez,OF,FA,B. Lee,2B/3B/SS,W,screenshot,
2026-08-14 14:15,Jon's Underdogs,C. Carrigg,SS/OF,FA,A. Ewing,2B/OF,W,screenshot,
2026-08-14 14:12,Jon's Underdogs,I. Seymour,P,FA,N. Cameron,P,W,screenshot,
2026-08-11 07:12,Hart of the Order,J. Marsee,OF,FA,N. Eovaldi,P,W,screenshot,
2026-08-10 22:12,Jon's Underdogs,A. Ewing,2B/OF,FA,E. Valdez,1B/OF,W,screenshot,
2026-08-10 22:09,Jon's Underdogs,N. Cameron,P,FA,J. Hoffman,P,W,screenshot,
2026-08-10 15:38,Hello Peanuts!,G. Conine,1B/OF,FA,S. Torkelson,1B,W,screenshot,
2026-08-10 15:16,Boston Estrellas,C. Smith,OF,FA,T. Edman,2B/3B/OF,W,screenshot,
2026-08-10 15:15,Boston Estrellas,C. Meidroth,2B/3B/SS,FA,H. Hernandez,OF,W,screenshot,
2026-08-10 15:15,Boston Estrellas,B. Elder,P,FA,,,,screenshot,
2026-08-10 15:14,Boston Estrellas,R. Weathers,P,FA,E. Hancock,P,W,screenshot,
2026-08-10 07:08,Springfield Isotopes,B. Lee,2B/3B/SS,FA,,,,screenshot,
2026-08-10 07:08,Springfield Isotopes,,,,S. Basallo,C/1B,W,screenshot,
2026-08-10 07:07,Springfield Isotopes,M. Soroka,P,FA,J. Burger,1B,W,screenshot,
2026-08-09 22:08,Jon's Underdogs,J. Lee,OF,FA,N. Nunez,2B/SS,W,screenshot,
2026-08-09 17:47,Spacemen,A. Pallante,P,FA,C. Beeter,P,W,screenshot,
2026-08-09 17:41,Spacemen,C. Seager,SS,FA,C. Pratt,SS,W,screenshot,
2026-08-09 11:25,SkeleThor,P. Lambert,P,FA,,,,screenshot,
2026-08-07 21:06,SkeleThor,,,,H. Greene,P,W,screenshot,
2026-08-06 04:16,Jon's Underdogs,E. Valdez,1B/OF,W,T. Yesavage,P,W,screenshot,
2026-08-05 04:16,Hart of the Order,K. Tucker,OF,TRADE:SkeleThor,J. Rodriguez,OF,TRADE:SkeleThor,screenshot,"trade; Hart of the Order also sent its Rnd 12 pick, SkeleThor its Rnd 5 pick"
2026-08-05 04:16,SkeleThor,J. Rodriguez,OF,TRADE:Hart of the Order,K. Tucker,OF,TRADE:Hart of the Order,screenshot,"trade; Hart of the Order also sent its Rnd 12 pick, SkeleThor its Rnd 5 pick"
2026-08-04 15:30,Jon's Underdogs,J. Hoffman,P,FA,A. Ewing,2B/OF,W,screenshot,
2026-08-04 14:22,Jon's Underdogs,G. Lombard Jr.,2B/3B/SS,FA,D. Canzone,OF,W,screenshot,
2026-08-04 14:07,Hello Peanuts!,S. Torkelson,1B,FA,J. Bennett,P,W,screenshot,
2026-08-04 00:22,Work in Progress,A. Uribe,P,FA,,,,screenshot,
2026-08-04 00:21,Work in Progress,,,,N. Lodolo,P,W,screenshot,
2026-08-04 00:21,Work in Progress,,,,R. Suarez,P,W,screenshot,
2026-08-04 00:19,Work in Progress,D. Lee,P,FA,,,,screenshot,
2026-08-04 00:17,Work in Progress,Y. Diaz,C,FA,,,,screenshot,
2026-08-04 00:14,Work in Progress,,,,E. Sheehan,P,W,screenshot,
2026-08-04 00:13,Work in Progress,,,,S. Dominguez,P,W,screenshot,
2026-08-04 00:13,Work in Progress,J. Jones,P,FA,,,,screenshot,
2026-08-04 00:11,Work in Progress,M. Gore,P,FA,,,,screenshot,
2026-08-04 00:06,Work in Progress,,,,J. Flaherty,P,W,screenshot,
2026-08-03 23:22,Boston Estrellas,R. Lewis,1B/2B/3B,FA,,,,screenshot,
2026-08-03 18:28,Jon's Underdogs,L. Weaver,P,FA,,,,screenshot,
2026-08-03 18:28,Jon's Underdogs,,,,R. Detmers,P,W,screenshot,
2026-08-02 19:45,Boston Estrellas,,,,C. Schmitt,1B/2B/3B/OF,W,screenshot,
2026-08-02 19:43,Boston Estrellas,,,,C. Mead,1B/2B/3B,W,screenshot,
2026-08-02 16:50,Hello Peanuts!,C. DeLauter,OF,FA,,,,screenshot,
2026-08-02 16:49,Hello Peanuts!,T. Glasnow,P,FA,E. Valdez,1B/OF,W,screenshot,
2026-08-02 06:09,Springfield Isotopes,M. Clark,OF,FA,R. O'Hearn,1B/OF,W,screenshot,
2026-08-01 22:45,Spacemen,C. Pratt,SS,FA,B. Rocchio,2B/SS,W,screenshot,
2026-07-31 23:38,Jon's Underdogs,A. Ewing,2B/OF,FA,J. Lee,OF,W,screenshot,
2026-07-31 23:35,Jon's Underdogs,T. France,1B,FA,B. Eldridge,1B,W,screenshot,
2026-07-31 09:04,Jon's Underdogs,R. Detmers,P,FA,T. Scott,P,W,screenshot,
2026-07-31 04:16,Spacemen,W. Contreras,C,W,C. Jensen,C,W,screenshot,
2026-07-29 22:34,Jon's Underdogs,D. Canzone,OF,FA,D. Crews,OF,W,screenshot,
2026-07-27 23:32,SkeleThor,,,,W. Contreras,C,W,screenshot,
2026-07-27 17:32,Jon's Underdogs,D. Crews,OF,FA,,,,screenshot,
2026-07-27 17:31,Jon's Underdogs,,,,G. Crochet,P,W,screenshot,
2026-07-27 15:55,Boston Estrellas,G. Soto,P,FA,P. Sewald,P,W,screenshot,
2026-07-27 15:52,Boston Estrellas,E. Rodriguez,P,FA,S. Bieber,P,W,screenshot,
2026-07-27 15:50,Boston Estrellas,R. Jeffers,C,FA,W. Smith,C,W,screenshot,
2026-07-26 17:02,Spacemen,G. Springer,OF,FA,,,,screenshot+yahoo-api,
2026-07-26 17:02,Spacemen,,,,J. Mangum,OF,W,screenshot+yahoo-api,
2026-07-24 04:16,Spacemen,K. Harrison,P,W,R. Detmers,P,W,screenshot+yahoo-api,
2026-07-22 13:46,Springfield Isotopes,G. Moreno,C,FA,C. Seager,SS,W,screenshot+yahoo-api,
